<?xml version="1.0" encoding="UTF-8"?>
<beans xmlns="http://www.springframework.org/schema/beans"
	xmlns:xsi="http://www.w3.org/2001/XMLSchema-instance"
	xmlns:p="http://www.springframework.org/schema/p"
	xmlns:context="http://www.springframework.org/schema/context"
	xmlns:mvc="http://www.springframework.org/schema/mvc"
	xmlns:aop="http://www.springframework.org/schema/aop"
	xsi:schemaLocation="http://www.springframework.org/schema/mvc http://www.springframework.org/schema/mvc/spring-mvc-4.0.xsd
		http://www.springframework.org/schema/beans http://www.springframework.org/schema/beans/spring-beans-3.1.xsd
		http://www.springframework.org/schema/context http://www.springframework.org/schema/context/spring-context-3.1.xsd
		http://www.springframework.org/schema/aop http://www.springframework.org/schema/aop/spring-aop-4.0.xsd">

	<!-- 注册MVC注解驱动 -->
	<mvc:annotation-driven />

	<!-- 自动扫描该包，使SpringMVC认为包下用了@controller注解的类是控制器 -->
	<context:component-scan base-package="com.hwadee.controller" />

	<!-- 放行的静态资源 -->
	<mvc:resources mapping="/resources/**" location="/resources/" />
	<mvc:resources mapping="/static/**" location="/static/" />
	<mvc:resources mapping="/css/**" location="/css/" />
		<mvc:resources mapping="/js/**" location="/js/" />
			<mvc:resources mapping="/images/**" location="/images/" />
	<mvc:resources mapping="/lib/**" location="/lib/" />

	<!-- 定义跳转的文件的前后缀 ，视图模式配置 -->
	<bean
		class="org.springframework.web.servlet.view.InternalResourceViewResolver">
		<!-- 这里的配置我的理解是自动给后面action的方法return的字符串加上前缀和后缀，变成一个 可用的url地址 -->
		<property name="prefix" value="/WEB-INF/views/" />
		<property name="suffix" value=".jsp" />
	</bean>
    <!-- AJAX和JSON begin-->
    <!--避免IE执行AJAX时，返回JSON出现下载文件 -->  
    <bean id="mappingJacksonHttpMessageConverter"  
        class="org.springframework.http.converter.json.MappingJackson2HttpMessageConverter">  
        <property name="supportedMediaTypes">  
            <list>  
                <value>text/html;charset=UTF-8</value>  
            </list>  
        </property>  
    </bean>  
    <!-- 启动SpringMVC的注解功能，完成请求和注解POJO的映射   -->
    <bean  
        class="org.springframework.web.servlet.mvc.annotation.AnnotationMethodHandlerAdapter">  
        <property name="messageConverters">  
            <list>  
                <ref bean="mappingJacksonHttpMessageConverter" /> <!-- JSON转换器  --> 
            </list>  
        </property>  
    </bean>  
     <!-- AJAX和JSON end--> 

</beans>