<?xml version="1.0" encoding="UTF-8"?>
<!DOCTYPE mapper PUBLIC "-//mybatis.org//DTD Mapper 3.0//EN" "http://mybatis.org/dtd/mybatis-3-mapper.dtd">
<mapper namespace="com.hwadee.dao.AcceptionMapper">
  <resultMap id="BaseResultMap" type="com.hwadee.entity.Acception">
    <!--
      WARNING - @mbg.generated
      This element is automatically generated by MyBatis Generator, do not modify.
      This element was generated on Fri Jul 06 16:05:04 CST 2018.
    -->
    <id column="AcceptionID" jdbcType="INTEGER" property="acceptionid" />
    <result column="HouInfo" jdbcType="VARCHAR" property="houinfo" />
    <result column="HouseAcState" jdbcType="VARCHAR" property="houseacstate" />
    <result column="HouseAcer" jdbcType="VARCHAR" property="houseacer" />
    <result column="HouseActime" jdbcType="TIMESTAMP" property="houseactime" />
  </resultMap>
  <delete id="deleteByPrimaryKey" parameterType="java.lang.Integer">
    <!--
      WARNING - @mbg.generated
      This element is automatically generated by MyBatis Generator, do not modify.
      This element was generated on Fri Jul 06 16:05:04 CST 2018.
    -->
    delete from acception
    where AcceptionID = #{acceptionid,jdbcType=INTEGER}
  </delete>
  <insert id="insert" parameterType="com.hwadee.entity.Acception">
    <!--
      WARNING - @mbg.generated
      This element is automatically generated by MyBatis Generator, do not modify.
      This element was generated on Fri Jul 06 16:05:04 CST 2018.
    -->
    insert into acception (AcceptionID, HouInfo, HouseAcState, 
      HouseAcer, HouseActime)
    values (#{acceptionid,jdbcType=INTEGER}, #{houinfo,jdbcType=VARCHAR}, #{houseacstate,jdbcType=VARCHAR}, 
      #{houseacer,jdbcType=VARCHAR}, #{houseactime,jdbcType=TIMESTAMP})
  </insert>
  <update id="updateByPrimaryKey" parameterType="com.hwadee.entity.Acception">
    <!--
      WARNING - @mbg.generated
      This element is automatically generated by MyBatis Generator, do not modify.
      This element was generated on Fri Jul 06 16:05:04 CST 2018.
    -->
    update acception
    set HouInfo = #{houinfo,jdbcType=VARCHAR},
      HouseAcState = #{houseacstate,jdbcType=VARCHAR},
      HouseAcer = #{houseacer,jdbcType=VARCHAR},
      HouseActime = #{houseactime,jdbcType=TIMESTAMP}
    where AcceptionID = #{acceptionid,jdbcType=INTEGER}
  </update>
  <select id="selectByPrimaryKey" parameterType="java.lang.Integer" resultMap="BaseResultMap">
    <!--
      WARNING - @mbg.generated
      This element is automatically generated by MyBatis Generator, do not modify.
      This element was generated on Fri Jul 06 16:05:04 CST 2018.
    -->
    select AcceptionID, HouInfo, HouseAcState, HouseAcer, HouseActime
    from acception
    where AcceptionID = #{acceptionid,jdbcType=INTEGER}
  </select>
  <select id="selectAll" resultMap="BaseResultMap">
    <!--
      WARNING - @mbg.generated
      This element is automatically generated by MyBatis Generator, do not modify.
      This element was generated on Fri Jul 06 16:05:04 CST 2018.
    -->
    select AcceptionID, HouInfo, HouseAcState, HouseAcer, HouseActime
    from acception
  </select>
</mapper>