<?xml version="1.0" encoding="UTF-8"?>
<!DOCTYPE mapper PUBLIC "-//mybatis.org//DTD Mapper 3.0//EN" "http://mybatis.org/dtd/mybatis-3-mapper.dtd">
<mapper namespace="com.hwadee.dao.CityMapper">
  <resultMap id="BaseResultMap" type="com.hwadee.entity.City">
    <!--
      WARNING - @mbg.generated
      This element is automatically generated by MyBatis Generator, do not modify.
      This element was generated on Fri Jul 06 16:05:04 CST 2018.
    -->
    <id column="CityID" jdbcType="INTEGER" property="cityid" />
    <result column="CityName" jdbcType="VARCHAR" property="cityname" />
    <result column="ParentCityID" jdbcType="INTEGER" property="parentcityid" />
    <result column="ParentCityName" jdbcType="VARCHAR" property="parentcityname" />
    <result column="CityDescription" jdbcType="VARCHAR" property="citydescription" />
  </resultMap>
  <delete id="deleteByPrimaryKey" parameterType="java.lang.Integer">
    <!--
      WARNING - @mbg.generated
      This element is automatically generated by MyBatis Generator, do not modify.
      This element was generated on Fri Jul 06 16:05:04 CST 2018.
    -->
    delete from city
    where CityID = #{cityid,jdbcType=INTEGER}
  </delete>
  <insert id="insert" parameterType="com.hwadee.entity.City">
    <!--
      WARNING - @mbg.generated
      This element is automatically generated by MyBatis Generator, do not modify.
      This element was generated on Fri Jul 06 16:05:04 CST 2018.
    -->
    insert into city (CityID, CityName, ParentCityID, 
      ParentCityName, CityDescription)
    values (#{cityid,jdbcType=INTEGER}, #{cityname,jdbcType=VARCHAR}, #{parentcityid,jdbcType=INTEGER}, 
      #{parentcityname,jdbcType=VARCHAR}, #{citydescription,jdbcType=VARCHAR})
  </insert>
  <update id="updateByPrimaryKey" parameterType="com.hwadee.entity.City">
    <!--
      WARNING - @mbg.generated
      This element is automatically generated by MyBatis Generator, do not modify.
      This element was generated on Fri Jul 06 16:05:04 CST 2018.
    -->
    update city
    set CityName = #{cityname,jdbcType=VARCHAR},
      ParentCityID = #{parentcityid,jdbcType=INTEGER},
      ParentCityName = #{parentcityname,jdbcType=VARCHAR},
      CityDescription = #{citydescription,jdbcType=VARCHAR}
    where CityID = #{cityid,jdbcType=INTEGER}
  </update>
  <select id="selectByPrimaryKey" parameterType="java.lang.Integer" resultMap="BaseResultMap">
    <!--
      WARNING - @mbg.generated
      This element is automatically generated by MyBatis Generator, do not modify.
      This element was generated on Fri Jul 06 16:05:04 CST 2018.
    -->
    select CityID, CityName, ParentCityID, ParentCityName, CityDescription
    from city
    where CityID = #{cityid,jdbcType=INTEGER}
  </select>
  <select id="selectAll" resultMap="BaseResultMap">
    <!--
      WARNING - @mbg.generated
      This element is automatically generated by MyBatis Generator, do not modify.
      This element was generated on Fri Jul 06 16:05:04 CST 2018.
    -->
    select CityID, CityName, ParentCityID, ParentCityName, CityDescription
    from city
  </select>
</mapper>