<?xml version="1.0" encoding="UTF-8"?>
<!DOCTYPE mapper PUBLIC "-//mybatis.org//DTD Mapper 3.0//EN" "http://mybatis.org/dtd/mybatis-3-mapper.dtd">
<mapper namespace="com.hwadee.dao.CityareaMapper">
  <resultMap id="BaseResultMap" type="com.hwadee.entity.Cityarea">
    <!--
      WARNING - @mbg.generated
      This element is automatically generated by MyBatis Generator, do not modify.
      This element was generated on Fri Jul 06 16:05:04 CST 2018.
    -->
    <id column="DistrictID" jdbcType="INTEGER" property="districtid" />
    <result column="CityID" jdbcType="INTEGER" property="cityid" />
    <result column="DistrictName" jdbcType="VARCHAR" property="districtname" />
    <result column="DistrictDescription" jdbcType="VARCHAR" property="districtdescription" />
  </resultMap>
  <delete id="deleteByPrimaryKey" parameterType="java.lang.Integer">
    <!--
      WARNING - @mbg.generated
      This element is automatically generated by MyBatis Generator, do not modify.
      This element was generated on Fri Jul 06 16:05:04 CST 2018.
    -->
    delete from cityarea
    where DistrictID = #{districtid,jdbcType=INTEGER}
  </delete>
  <insert id="insert" parameterType="com.hwadee.entity.Cityarea">
    <!--
      WARNING - @mbg.generated
      This element is automatically generated by MyBatis Generator, do not modify.
      This element was generated on Fri Jul 06 16:05:04 CST 2018.
    -->
    insert into cityarea (DistrictID, CityID, DistrictName, 
      DistrictDescription)
    values (#{districtid,jdbcType=INTEGER}, #{cityid,jdbcType=INTEGER}, #{districtname,jdbcType=VARCHAR}, 
      #{districtdescription,jdbcType=VARCHAR})
  </insert>
  <update id="updateByPrimaryKey" parameterType="com.hwadee.entity.Cityarea">
    <!--
      WARNING - @mbg.generated
      This element is automatically generated by MyBatis Generator, do not modify.
      This element was generated on Fri Jul 06 16:05:04 CST 2018.
    -->
    update cityarea
    set CityID = #{cityid,jdbcType=INTEGER},
      DistrictName = #{districtname,jdbcType=VARCHAR},
      DistrictDescription = #{districtdescription,jdbcType=VARCHAR}
    where DistrictID = #{districtid,jdbcType=INTEGER}
  </update>
  <select id="selectByPrimaryKey" parameterType="java.lang.Integer" resultMap="BaseResultMap">
    <!--
      WARNING - @mbg.generated
      This element is automatically generated by MyBatis Generator, do not modify.
      This element was generated on Fri Jul 06 16:05:04 CST 2018.
    -->
    select DistrictID, CityID, DistrictName, DistrictDescription
    from cityarea
    where DistrictID = #{districtid,jdbcType=INTEGER}
  </select>
  <select id="selectAll" resultMap="BaseResultMap">
    <!--
      WARNING - @mbg.generated
      This element is automatically generated by MyBatis Generator, do not modify.
      This element was generated on Fri Jul 06 16:05:04 CST 2018.
    -->
    select DistrictID, CityID, DistrictName, DistrictDescription
    from cityarea
  </select>
</mapper>