<?xml version="1.0" encoding="UTF-8"?>
<!DOCTYPE mapper PUBLIC "-//mybatis.org//DTD Mapper 3.0//EN" "http://mybatis.org/dtd/mybatis-3-mapper.dtd">
<mapper namespace="com.hwadee.dao.CodetableMapper">
  <resultMap id="BaseResultMap" type="com.hwadee.entity.Codetable">
    <!--
      WARNING - @mbg.generated
      This element is automatically generated by MyBatis Generator, do not modify.
      This element was generated on Fri Jul 06 16:05:04 CST 2018.
    -->
    <id column="CodeTableID" jdbcType="INTEGER" property="codetableid" />
    <result column="ProjectNumber" jdbcType="VARCHAR" property="projectnumber" />
    <result column="AddInfo" jdbcType="VARCHAR" property="addinfo" />
    <result column="CodeTableType" jdbcType="VARCHAR" property="codetabletype" />
  </resultMap>
  <delete id="deleteByPrimaryKey" parameterType="java.lang.Integer">
    <!--
      WARNING - @mbg.generated
      This element is automatically generated by MyBatis Generator, do not modify.
      This element was generated on Fri Jul 06 16:05:04 CST 2018.
    -->
    delete from codetable
    where CodeTableID = #{codetableid,jdbcType=INTEGER}
  </delete>
  <insert id="insert" parameterType="com.hwadee.entity.Codetable">
    <!--
      WARNING - @mbg.generated
      This element is automatically generated by MyBatis Generator, do not modify.
      This element was generated on Fri Jul 06 16:05:04 CST 2018.
    -->
    insert into codetable (CodeTableID, ProjectNumber, AddInfo, 
      CodeTableType)
    values (#{codetableid,jdbcType=INTEGER}, #{projectnumber,jdbcType=VARCHAR}, #{addinfo,jdbcType=VARCHAR}, 
      #{codetabletype,jdbcType=VARCHAR})
  </insert>
  <update id="updateByPrimaryKey" parameterType="com.hwadee.entity.Codetable">
    <!--
      WARNING - @mbg.generated
      This element is automatically generated by MyBatis Generator, do not modify.
      This element was generated on Fri Jul 06 16:05:04 CST 2018.
    -->
    update codetable
    set ProjectNumber = #{projectnumber,jdbcType=VARCHAR},
      AddInfo = #{addinfo,jdbcType=VARCHAR},
      CodeTableType = #{codetabletype,jdbcType=VARCHAR}
    where CodeTableID = #{codetableid,jdbcType=INTEGER}
  </update>
  <select id="selectByPrimaryKey" parameterType="java.lang.Integer" resultMap="BaseResultMap">
    <!--
      WARNING - @mbg.generated
      This element is automatically generated by MyBatis Generator, do not modify.
      This element was generated on Fri Jul 06 16:05:04 CST 2018.
    -->
    select CodeTableID, ProjectNumber, AddInfo, CodeTableType
    from codetable
    where CodeTableID = #{codetableid,jdbcType=INTEGER}
  </select>
  <select id="selectAll" resultMap="BaseResultMap">
    <!--
      WARNING - @mbg.generated
      This element is automatically generated by MyBatis Generator, do not modify.
      This element was generated on Fri Jul 06 16:05:04 CST 2018.
    -->
    select CodeTableID, ProjectNumber, AddInfo, CodeTableType
    from codetable
  </select>
</mapper>