<?xml version="1.0" encoding="UTF-8"?>
<!DOCTYPE mapper PUBLIC "-//mybatis.org//DTD Mapper 3.0//EN" "http://mybatis.org/dtd/mybatis-3-mapper.dtd">
<mapper namespace="com.hwadee.dao.ComplainMapper">
  <resultMap id="BaseResultMap" type="com.hwadee.entity.Complain">
    <!--
      WARNING - @mbg.generated
      This element is automatically generated by MyBatis Generator, do not modify.
      This element was generated on Fri Jul 06 16:05:04 CST 2018.
    -->
    <id column="ComplainID" jdbcType="INTEGER" property="complainid" />
    <result column="HouseSourceID" jdbcType="INTEGER" property="housesourceid" />
    <result column="ComplainMethod" jdbcType="VARCHAR" property="complainmethod" />
    <result column="ComplainContent" jdbcType="VARCHAR" property="complaincontent" />
    <result column="ComplainStatus" jdbcType="VARCHAR" property="complainstatus" />
    <result column="ComplainResult" jdbcType="VARCHAR" property="complainresult" />
    <result column="ComplainPerson" jdbcType="VARCHAR" property="complainperson" />
    <result column="ComplainTime" jdbcType="TIMESTAMP" property="complaintime" />
  </resultMap>
  <delete id="deleteByPrimaryKey" parameterType="java.lang.Integer">
    <!--
      WARNING - @mbg.generated
      This element is automatically generated by MyBatis Generator, do not modify.
      This element was generated on Fri Jul 06 16:05:04 CST 2018.
    -->
    delete from complain
    where ComplainID = #{complainid,jdbcType=INTEGER}
  </delete>
  <insert id="insert" parameterType="com.hwadee.entity.Complain">
    <!--
      WARNING - @mbg.generated
      This element is automatically generated by MyBatis Generator, do not modify.
      This element was generated on Fri Jul 06 16:05:04 CST 2018.
    -->
    insert into complain (ComplainID, HouseSourceID, ComplainMethod, 
      ComplainContent, ComplainStatus, ComplainResult, 
      ComplainPerson, ComplainTime)
    values (#{complainid,jdbcType=INTEGER}, #{housesourceid,jdbcType=INTEGER}, #{complainmethod,jdbcType=VARCHAR}, 
      #{complaincontent,jdbcType=VARCHAR}, #{complainstatus,jdbcType=VARCHAR}, #{complainresult,jdbcType=VARCHAR}, 
      #{complainperson,jdbcType=VARCHAR}, #{complaintime,jdbcType=TIMESTAMP})
  </insert>
  <update id="updateByPrimaryKey" parameterType="com.hwadee.entity.Complain">
    <!--
      WARNING - @mbg.generated
      This element is automatically generated by MyBatis Generator, do not modify.
      This element was generated on Fri Jul 06 16:05:04 CST 2018.
    -->
    update complain
    set HouseSourceID = #{housesourceid,jdbcType=INTEGER},
      ComplainMethod = #{complainmethod,jdbcType=VARCHAR},
      ComplainContent = #{complaincontent,jdbcType=VARCHAR},
      ComplainStatus = #{complainstatus,jdbcType=VARCHAR},
      ComplainResult = #{complainresult,jdbcType=VARCHAR},
      ComplainPerson = #{complainperson,jdbcType=VARCHAR},
      ComplainTime = #{complaintime,jdbcType=TIMESTAMP}
    where ComplainID = #{complainid,jdbcType=INTEGER}
  </update>
  <select id="selectByPrimaryKey" parameterType="java.lang.Integer" resultMap="BaseResultMap">
    <!--
      WARNING - @mbg.generated
      This element is automatically generated by MyBatis Generator, do not modify.
      This element was generated on Fri Jul 06 16:05:04 CST 2018.
    -->
    select ComplainID, HouseSourceID, ComplainMethod, ComplainContent, ComplainStatus, 
    ComplainResult, ComplainPerson, ComplainTime
    from complain
    where ComplainID = #{complainid,jdbcType=INTEGER}
  </select>
  <select id="selectAll" resultMap="BaseResultMap">
    <!--
      WARNING - @mbg.generated
      This element is automatically generated by MyBatis Generator, do not modify.
      This element was generated on Fri Jul 06 16:05:04 CST 2018.
    -->
    select ComplainID, HouseSourceID, ComplainMethod, ComplainContent, ComplainStatus, 
    ComplainResult, ComplainPerson, ComplainTime
    from complain
  </select>
</mapper>