<?xml version="1.0" encoding="UTF-8"?>
<!DOCTYPE mapper PUBLIC "-//mybatis.org//DTD Mapper 3.0//EN" "http://mybatis.org/dtd/mybatis-3-mapper.dtd">
<mapper namespace="com.hwadee.dao.DepartmentMapper">
  <resultMap id="BaseResultMap" type="com.hwadee.entity.Department">
    <!--
      WARNING - @mbg.generated
      This element is automatically generated by MyBatis Generator, do not modify.
      This element was generated on Fri Jul 06 16:05:04 CST 2018.
    -->
    <id column="DepartmentID" jdbcType="INTEGER" property="departmentid" />
    <result column="DepartmenName" jdbcType="VARCHAR" property="departmenname" />
    <result column="ParentDepartmentID" jdbcType="INTEGER" property="parentdepartmentid" />
    <result column="ParentDepartmentName" jdbcType="VARCHAR" property="parentdepartmentname" />
    <result column="ResourcePrefix" jdbcType="VARCHAR" property="resourceprefix" />
    <result column="DepartmentPhone" jdbcType="VARCHAR" property="departmentphone" />
    <result column="DepartmentAddress" jdbcType="VARCHAR" property="departmentaddress" />
  </resultMap>
  <delete id="deleteByPrimaryKey" parameterType="java.lang.Integer">
    <!--
      WARNING - @mbg.generated
      This element is automatically generated by MyBatis Generator, do not modify.
      This element was generated on Fri Jul 06 16:05:04 CST 2018.
    -->
    delete from department
    where DepartmentID = #{departmentid,jdbcType=INTEGER}
  </delete>
  <insert id="insert" parameterType="com.hwadee.entity.Department">
    <!--
      WARNING - @mbg.generated
      This element is automatically generated by MyBatis Generator, do not modify.
      This element was generated on Fri Jul 06 16:05:04 CST 2018.
    -->
    insert into department (DepartmentID, DepartmenName, ParentDepartmentID, 
      ParentDepartmentName, ResourcePrefix, DepartmentPhone, 
      DepartmentAddress)
    values (#{departmentid,jdbcType=INTEGER}, #{departmenname,jdbcType=VARCHAR}, #{parentdepartmentid,jdbcType=INTEGER}, 
      #{parentdepartmentname,jdbcType=VARCHAR}, #{resourceprefix,jdbcType=VARCHAR}, #{departmentphone,jdbcType=VARCHAR}, 
      #{departmentaddress,jdbcType=VARCHAR})
  </insert>
  <update id="updateByPrimaryKey" parameterType="com.hwadee.entity.Department">
    <!--
      WARNING - @mbg.generated
      This element is automatically generated by MyBatis Generator, do not modify.
      This element was generated on Fri Jul 06 16:05:04 CST 2018.
    -->
    update department
    set DepartmenName = #{departmenname,jdbcType=VARCHAR},
      ParentDepartmentID = #{parentdepartmentid,jdbcType=INTEGER},
      ParentDepartmentName = #{parentdepartmentname,jdbcType=VARCHAR},
      ResourcePrefix = #{resourceprefix,jdbcType=VARCHAR},
      DepartmentPhone = #{departmentphone,jdbcType=VARCHAR},
      DepartmentAddress = #{departmentaddress,jdbcType=VARCHAR}
    where DepartmentID = #{departmentid,jdbcType=INTEGER}
  </update>
  <select id="selectByPrimaryKey" parameterType="java.lang.Integer" resultMap="BaseResultMap">
    <!--
      WARNING - @mbg.generated
      This element is automatically generated by MyBatis Generator, do not modify.
      This element was generated on Fri Jul 06 16:05:04 CST 2018.
    -->
    select DepartmentID, DepartmenName, ParentDepartmentID, ParentDepartmentName, ResourcePrefix, 
    DepartmentPhone, DepartmentAddress
    from department
    where DepartmentID = #{departmentid,jdbcType=INTEGER}
  </select>
  <select id="selectAll" resultMap="BaseResultMap">
    <!--
      WARNING - @mbg.generated
      This element is automatically generated by MyBatis Generator, do not modify.
      This element was generated on Fri Jul 06 16:05:04 CST 2018.
    -->
    select DepartmentID, DepartmenName, ParentDepartmentID, ParentDepartmentName, ResourcePrefix, 
    DepartmentPhone, DepartmentAddress
    from department
  </select>
</mapper>