<?xml version="1.0" encoding="UTF-8"?>
<!DOCTYPE mapper PUBLIC "-//mybatis.org//DTD Mapper 3.0//EN" "http://mybatis.org/dtd/mybatis-3-mapper.dtd">
<mapper namespace="com.hwadee.dao.EnterpriseinfoMapper">
  <resultMap id="BaseResultMap" type="com.hwadee.entity.Enterpriseinfo">
    <!--
      WARNING - @mbg.generated
      This element is automatically generated by MyBatis Generator, do not modify.
      This element was generated on Fri Jul 06 16:05:04 CST 2018.
    -->
    <id column="EnterpriseInfoID" jdbcType="INTEGER" property="enterpriseinfoid" />
    <result column="EnterpriseInfoTitle" jdbcType="VARCHAR" property="enterpriseinfotitle" />
    <result column="PublishTime" jdbcType="TIMESTAMP" property="publishtime" />
    <result column="ExactTime" jdbcType="TIMESTAMP" property="exacttime" />
    <result column="InfoContent" jdbcType="VARCHAR" property="infocontent" />
    <result column="InfoType" jdbcType="VARCHAR" property="infotype" />
    <result column="InfoPublishYet" jdbcType="BIT" property="infopublishyet" />
    <result column="PicWordType" jdbcType="VARCHAR" property="picwordtype" />
    <result column="PicWordUpload" jdbcType="BIT" property="picwordupload" />
  </resultMap>
  <delete id="deleteByPrimaryKey" parameterType="java.lang.Integer">
    <!--
      WARNING - @mbg.generated
      This element is automatically generated by MyBatis Generator, do not modify.
      This element was generated on Fri Jul 06 16:05:04 CST 2018.
    -->
    delete from enterpriseinfo
    where EnterpriseInfoID = #{enterpriseinfoid,jdbcType=INTEGER}
  </delete>
  <insert id="insert" parameterType="com.hwadee.entity.Enterpriseinfo">
    <!--
      WARNING - @mbg.generated
      This element is automatically generated by MyBatis Generator, do not modify.
      This element was generated on Fri Jul 06 16:05:04 CST 2018.
    -->
    insert into enterpriseinfo (EnterpriseInfoID, EnterpriseInfoTitle, 
      PublishTime, ExactTime, InfoContent, 
      InfoType, InfoPublishYet, PicWordType, 
      PicWordUpload)
    values (#{enterpriseinfoid,jdbcType=INTEGER}, #{enterpriseinfotitle,jdbcType=VARCHAR}, 
      #{publishtime,jdbcType=TIMESTAMP}, #{exacttime,jdbcType=TIMESTAMP}, #{infocontent,jdbcType=VARCHAR}, 
      #{infotype,jdbcType=VARCHAR}, #{infopublishyet,jdbcType=BIT}, #{picwordtype,jdbcType=VARCHAR}, 
      #{picwordupload,jdbcType=BIT})
  </insert>
  <update id="updateByPrimaryKey" parameterType="com.hwadee.entity.Enterpriseinfo">
    <!--
      WARNING - @mbg.generated
      This element is automatically generated by MyBatis Generator, do not modify.
      This element was generated on Fri Jul 06 16:05:04 CST 2018.
    -->
    update enterpriseinfo
    set EnterpriseInfoTitle = #{enterpriseinfotitle,jdbcType=VARCHAR},
      PublishTime = #{publishtime,jdbcType=TIMESTAMP},
      ExactTime = #{exacttime,jdbcType=TIMESTAMP},
      InfoContent = #{infocontent,jdbcType=VARCHAR},
      InfoType = #{infotype,jdbcType=VARCHAR},
      InfoPublishYet = #{infopublishyet,jdbcType=BIT},
      PicWordType = #{picwordtype,jdbcType=VARCHAR},
      PicWordUpload = #{picwordupload,jdbcType=BIT}
    where EnterpriseInfoID = #{enterpriseinfoid,jdbcType=INTEGER}
  </update>
  <select id="selectByPrimaryKey" parameterType="java.lang.Integer" resultMap="BaseResultMap">
    <!--
      WARNING - @mbg.generated
      This element is automatically generated by MyBatis Generator, do not modify.
      This element was generated on Fri Jul 06 16:05:04 CST 2018.
    -->
    select EnterpriseInfoID, EnterpriseInfoTitle, PublishTime, ExactTime, InfoContent, 
    InfoType, InfoPublishYet, PicWordType, PicWordUpload
    from enterpriseinfo
    where EnterpriseInfoID = #{enterpriseinfoid,jdbcType=INTEGER}
  </select>
  <select id="selectByType" parameterType="java.lang.String" resultMap="BaseResultMap">
    <!--
      WARNING - @mbg.generated
      This element is automatically generated by MyBatis Generator, do not modify.
      This element was generated on Fri Jul 06 16:05:04 CST 2018.
    -->
    select EnterpriseInfoID, EnterpriseInfoTitle, PublishTime, ExactTime, InfoContent, 
    InfoType, InfoPublishYet, PicWordType, PicWordUpload
    from enterpriseinfo
    where InfoType = #{infotype,jdbcType=INTEGER}
  </select>
  
  <select id="selectAll" resultMap="BaseResultMap">
    <!--
      WARNING - @mbg.generated
      This element is automatically generated by MyBatis Generator, do not modify.
      This element was generated on Fri Jul 06 16:05:04 CST 2018.
    -->
    select EnterpriseInfoID, EnterpriseInfoTitle, PublishTime, ExactTime, InfoContent, 
    InfoType, InfoPublishYet, PicWordType, PicWordUpload
    from enterpriseinfo
  </select>
</mapper>