<?xml version="1.0" encoding="UTF-8"?>
<!DOCTYPE mapper PUBLIC "-//mybatis.org//DTD Mapper 3.0//EN" "http://mybatis.org/dtd/mybatis-3-mapper.dtd">
<mapper namespace="com.hwadee.dao.EstateMapper">
  <resultMap id="BaseResultMap" type="com.hwadee.entity.Estate">
    <!--
      WARNING - @mbg.generated
      This element is automatically generated by MyBatis Generator, do not modify.
      This element was generated on Fri Jul 06 16:05:04 CST 2018.
    -->
    <id column="EstateID" jdbcType="INTEGER" property="estateid" />
    <result column="DistrictID" jdbcType="INTEGER" property="districtid" />
    <result column="EstateName" jdbcType="VARCHAR" property="estatename" />
    <result column="PropertyFunc" jdbcType="VARCHAR" property="propertyfunc" />
    <result column="PropertyType" jdbcType="VARCHAR" property="propertytype" />
    <result column="DeveloperName" jdbcType="VARCHAR" property="developername" />
    <result column="OpeningTime" jdbcType="TIMESTAMP" property="openingtime" />
    <result column="CheckInTime" jdbcType="TIMESTAMP" property="checkintime" />
    <result column="FloorInfo" jdbcType="VARCHAR" property="floorinfo" />
    <result column="ParkingInfo" jdbcType="VARCHAR" property="parkinginfo" />
    <result column="VolumeRate" jdbcType="REAL" property="volumerate" />
    <result column="GreenRate" jdbcType="REAL" property="greenrate" />
    <result column="Abbreviation" jdbcType="VARCHAR" property="abbreviation" />
    <result column="BuildTime" jdbcType="TIMESTAMP" property="buildtime" />
    <result column="PropertyRight" jdbcType="VARCHAR" property="propertyright" />
    <result column="GeneralAddress" jdbcType="VARCHAR" property="generaladdress" />
    <result column="DetailedAddress" jdbcType="VARCHAR" property="detailedaddress" />
    <result column="AveragePrice" jdbcType="INTEGER" property="averageprice" />
    <result column="MangeFee" jdbcType="REAL" property="mangefee" />
    <result column="ConstructionArea" jdbcType="INTEGER" property="constructionarea" />
    <result column="StructureType" jdbcType="VARCHAR" property="structuretype" />
    <result column="LandType" jdbcType="VARCHAR" property="landtype" />
    <result column="TotalHouses" jdbcType="INTEGER" property="totalhouses" />
    <result column="WallType" jdbcType="VARCHAR" property="walltype" />
    <result column="LandNumber" jdbcType="INTEGER" property="landnumber" />
    <result column="ProperOwer" jdbcType="VARCHAR" property="properower" />
    <result column="Phone" jdbcType="VARCHAR" property="phone" />
    <result column="PropertyCompanyName" jdbcType="VARCHAR" property="propertycompanyname" />
    <result column="PropertyCompanyPhone" jdbcType="DECIMAL" property="propertycompanyphone" />
    <result column="Surrouding" jdbcType="VARCHAR" property="surrouding" />
    <result column="SchoolEnvironment" jdbcType="VARCHAR" property="schoolenvironment" />
    <result column="Transportation" jdbcType="VARCHAR" property="transportation" />
    <result column="Commerce" jdbcType="VARCHAR" property="commerce" />
    <result column="EstateDescription" jdbcType="VARCHAR" property="estatedescription" />
    <result column="EstateStatus" jdbcType="VARCHAR" property="estatestatus" />
    <result column="EstateDataSource" jdbcType="VARCHAR" property="estatedatasource" />
    <result column="EstatePicture" jdbcType="LONGVARBINARY" property="estatepicture" />
  </resultMap>
  <delete id="deleteByPrimaryKey" parameterType="java.lang.Integer">
    <!--
      WARNING - @mbg.generated
      This element is automatically generated by MyBatis Generator, do not modify.
      This element was generated on Fri Jul 06 16:05:04 CST 2018.
    -->
    delete from estate
    where EstateID = #{estateid,jdbcType=INTEGER}
  </delete>
  <insert id="insert" parameterType="com.hwadee.entity.Estate">
    <!--
      WARNING - @mbg.generated
      This element is automatically generated by MyBatis Generator, do not modify.
      This element was generated on Fri Jul 06 16:05:04 CST 2018.
    -->
    insert into estate (EstateID, DistrictID, EstateName, 
      PropertyFunc, PropertyType, DeveloperName, 
      OpeningTime, CheckInTime, FloorInfo, 
      ParkingInfo, VolumeRate, GreenRate, 
      Abbreviation, BuildTime, PropertyRight, 
      GeneralAddress, DetailedAddress, AveragePrice, 
      MangeFee, ConstructionArea, StructureType, 
      LandType, TotalHouses, WallType, 
      LandNumber, ProperOwer, Phone, 
      PropertyCompanyName, PropertyCompanyPhone, 
      Surrouding, SchoolEnvironment, Transportation, 
      Commerce, EstateDescription, EstateStatus, 
      EstateDataSource, EstatePicture)
    values (#{estateid,jdbcType=INTEGER}, #{districtid,jdbcType=INTEGER}, #{estatename,jdbcType=VARCHAR}, 
      #{propertyfunc,jdbcType=VARCHAR}, #{propertytype,jdbcType=VARCHAR}, #{developername,jdbcType=VARCHAR}, 
      #{openingtime,jdbcType=TIMESTAMP}, #{checkintime,jdbcType=TIMESTAMP}, #{floorinfo,jdbcType=VARCHAR}, 
      #{parkinginfo,jdbcType=VARCHAR}, #{volumerate,jdbcType=REAL}, #{greenrate,jdbcType=REAL}, 
      #{abbreviation,jdbcType=VARCHAR}, #{buildtime,jdbcType=TIMESTAMP}, #{propertyright,jdbcType=VARCHAR}, 
      #{generaladdress,jdbcType=VARCHAR}, #{detailedaddress,jdbcType=VARCHAR}, #{averageprice,jdbcType=INTEGER}, 
      #{mangefee,jdbcType=REAL}, #{constructionarea,jdbcType=INTEGER}, #{structuretype,jdbcType=VARCHAR}, 
      #{landtype,jdbcType=VARCHAR}, #{totalhouses,jdbcType=INTEGER}, #{walltype,jdbcType=VARCHAR}, 
      #{landnumber,jdbcType=INTEGER}, #{properower,jdbcType=VARCHAR}, #{phone,jdbcType=VARCHAR}, 
      #{propertycompanyname,jdbcType=VARCHAR}, #{propertycompanyphone,jdbcType=DECIMAL}, 
      #{surrouding,jdbcType=VARCHAR}, #{schoolenvironment,jdbcType=VARCHAR}, #{transportation,jdbcType=VARCHAR}, 
      #{commerce,jdbcType=VARCHAR}, #{estatedescription,jdbcType=VARCHAR}, #{estatestatus,jdbcType=VARCHAR}, 
      #{estatedatasource,jdbcType=VARCHAR}, #{estatepicture,jdbcType=LONGVARBINARY})
  </insert>
  <update id="updateByPrimaryKey" parameterType="com.hwadee.entity.Estate">
    <!--
      WARNING - @mbg.generated
      This element is automatically generated by MyBatis Generator, do not modify.
      This element was generated on Fri Jul 06 16:05:04 CST 2018.
    -->
    update estate
    set DistrictID = #{districtid,jdbcType=INTEGER},
      EstateName = #{estatename,jdbcType=VARCHAR},
      PropertyFunc = #{propertyfunc,jdbcType=VARCHAR},
      PropertyType = #{propertytype,jdbcType=VARCHAR},
      DeveloperName = #{developername,jdbcType=VARCHAR},
      OpeningTime = #{openingtime,jdbcType=TIMESTAMP},
      CheckInTime = #{checkintime,jdbcType=TIMESTAMP},
      FloorInfo = #{floorinfo,jdbcType=VARCHAR},
      ParkingInfo = #{parkinginfo,jdbcType=VARCHAR},
      VolumeRate = #{volumerate,jdbcType=REAL},
      GreenRate = #{greenrate,jdbcType=REAL},
      Abbreviation = #{abbreviation,jdbcType=VARCHAR},
      BuildTime = #{buildtime,jdbcType=TIMESTAMP},
      PropertyRight = #{propertyright,jdbcType=VARCHAR},
      GeneralAddress = #{generaladdress,jdbcType=VARCHAR},
      DetailedAddress = #{detailedaddress,jdbcType=VARCHAR},
      AveragePrice = #{averageprice,jdbcType=INTEGER},
      MangeFee = #{mangefee,jdbcType=REAL},
      ConstructionArea = #{constructionarea,jdbcType=INTEGER},
      StructureType = #{structuretype,jdbcType=VARCHAR},
      LandType = #{landtype,jdbcType=VARCHAR},
      TotalHouses = #{totalhouses,jdbcType=INTEGER},
      WallType = #{walltype,jdbcType=VARCHAR},
      LandNumber = #{landnumber,jdbcType=INTEGER},
      ProperOwer = #{properower,jdbcType=VARCHAR},
      Phone = #{phone,jdbcType=VARCHAR},
      PropertyCompanyName = #{propertycompanyname,jdbcType=VARCHAR},
      PropertyCompanyPhone = #{propertycompanyphone,jdbcType=DECIMAL},
      Surrouding = #{surrouding,jdbcType=VARCHAR},
      SchoolEnvironment = #{schoolenvironment,jdbcType=VARCHAR},
      Transportation = #{transportation,jdbcType=VARCHAR},
      Commerce = #{commerce,jdbcType=VARCHAR},
      EstateDescription = #{estatedescription,jdbcType=VARCHAR},
      EstateStatus = #{estatestatus,jdbcType=VARCHAR},
      EstateDataSource = #{estatedatasource,jdbcType=VARCHAR},
      EstatePicture = #{estatepicture,jdbcType=LONGVARBINARY}
    where EstateID = #{estateid,jdbcType=INTEGER}
  </update>
  <select id="selectByPrimaryKey" parameterType="java.lang.Integer" resultMap="BaseResultMap">
    <!--
      WARNING - @mbg.generated
      This element is automatically generated by MyBatis Generator, do not modify.
      This element was generated on Fri Jul 06 16:05:04 CST 2018.
    -->
    select EstateID, DistrictID, EstateName, PropertyFunc, PropertyType, DeveloperName, 
    OpeningTime, CheckInTime, FloorInfo, ParkingInfo, VolumeRate, GreenRate, Abbreviation, 
    BuildTime, PropertyRight, GeneralAddress, DetailedAddress, AveragePrice, MangeFee, 
    ConstructionArea, StructureType, LandType, TotalHouses, WallType, LandNumber, ProperOwer, 
    Phone, PropertyCompanyName, PropertyCompanyPhone, Surrouding, SchoolEnvironment, 
    Transportation, Commerce, EstateDescription, EstateStatus, EstateDataSource, EstatePicture
    from estate
    where EstateID = #{estateid,jdbcType=INTEGER}
  </select>
  <select id="selectAll" resultMap="BaseResultMap">
    <!--
      WARNING - @mbg.generated
      This element is automatically generated by MyBatis Generator, do not modify.
      This element was generated on Fri Jul 06 16:05:04 CST 2018.
    -->
    select EstateID, DistrictID, EstateName, PropertyFunc, PropertyType, DeveloperName, 
    OpeningTime, CheckInTime, FloorInfo, ParkingInfo, VolumeRate, GreenRate, Abbreviation, 
    BuildTime, PropertyRight, GeneralAddress, DetailedAddress, AveragePrice, MangeFee, 
    ConstructionArea, StructureType, LandType, TotalHouses, WallType, LandNumber, ProperOwer, 
    Phone, PropertyCompanyName, PropertyCompanyPhone, Surrouding, SchoolEnvironment, 
    Transportation, Commerce, EstateDescription, EstateStatus, EstateDataSource, EstatePicture
    from estate
  </select>
</mapper>