<?xml version="1.0" encoding="UTF-8"?>
<!DOCTYPE mapper PUBLIC "-//mybatis.org//DTD Mapper 3.0//EN" "http://mybatis.org/dtd/mybatis-3-mapper.dtd">
<mapper namespace="com.hwadee.dao.EstatetypeMapper">
  <resultMap id="BaseResultMap" type="com.hwadee.entity.Estatetype">
    <!--
      WARNING - @mbg.generated
      This element is automatically generated by MyBatis Generator, do not modify.
      This element was generated on Fri Jul 06 16:05:04 CST 2018.
    -->
    <id column="EstateTypeID" jdbcType="INTEGER" property="estatetypeid" />
    <result column="EstateID" jdbcType="INTEGER" property="estateid" />
    <result column="EstateTypeName" jdbcType="VARCHAR" property="estatetypename" />
    <result column="EstateTypePic" jdbcType="LONGVARBINARY" property="estatetypepic" />
  </resultMap>
  <delete id="deleteByPrimaryKey" parameterType="java.lang.Integer">
    <!--
      WARNING - @mbg.generated
      This element is automatically generated by MyBatis Generator, do not modify.
      This element was generated on Fri Jul 06 16:05:04 CST 2018.
    -->
    delete from estatetype
    where EstateTypeID = #{estatetypeid,jdbcType=INTEGER}
  </delete>
  <insert id="insert" parameterType="com.hwadee.entity.Estatetype">
    <!--
      WARNING - @mbg.generated
      This element is automatically generated by MyBatis Generator, do not modify.
      This element was generated on Fri Jul 06 16:05:04 CST 2018.
    -->
    insert into estatetype (EstateTypeID, EstateID, EstateTypeName, 
      EstateTypePic)
    values (#{estatetypeid,jdbcType=INTEGER}, #{estateid,jdbcType=INTEGER}, #{estatetypename,jdbcType=VARCHAR}, 
      #{estatetypepic,jdbcType=LONGVARBINARY})
  </insert>
  <update id="updateByPrimaryKey" parameterType="com.hwadee.entity.Estatetype">
    <!--
      WARNING - @mbg.generated
      This element is automatically generated by MyBatis Generator, do not modify.
      This element was generated on Fri Jul 06 16:05:04 CST 2018.
    -->
    update estatetype
    set EstateID = #{estateid,jdbcType=INTEGER},
      EstateTypeName = #{estatetypename,jdbcType=VARCHAR},
      EstateTypePic = #{estatetypepic,jdbcType=LONGVARBINARY}
    where EstateTypeID = #{estatetypeid,jdbcType=INTEGER}
  </update>
  <select id="selectByPrimaryKey" parameterType="java.lang.Integer" resultMap="BaseResultMap">
    <!--
      WARNING - @mbg.generated
      This element is automatically generated by MyBatis Generator, do not modify.
      This element was generated on Fri Jul 06 16:05:04 CST 2018.
    -->
    select EstateTypeID, EstateID, EstateTypeName, EstateTypePic
    from estatetype
    where EstateTypeID = #{estatetypeid,jdbcType=INTEGER}
  </select>
  <select id="selectAll" resultMap="BaseResultMap">
    <!--
      WARNING - @mbg.generated
      This element is automatically generated by MyBatis Generator, do not modify.
      This element was generated on Fri Jul 06 16:05:04 CST 2018.
    -->
    select EstateTypeID, EstateID, EstateTypeName, EstateTypePic
    from estatetype
  </select>
</mapper>