<?xml version="1.0" encoding="UTF-8"?>
<!DOCTYPE mapper PUBLIC "-//mybatis.org//DTD Mapper 3.0//EN" "http://mybatis.org/dtd/mybatis-3-mapper.dtd">
<mapper namespace="com.hwadee.dao.FriendlinkMapper">
  <resultMap id="BaseResultMap" type="com.hwadee.entity.Friendlink">
    <!--
      WARNING - @mbg.generated
      This element is automatically generated by MyBatis Generator, do not modify.
      This element was generated on Fri Jul 06 16:05:04 CST 2018.
    -->
    <id column="FriendLinkID" jdbcType="INTEGER" property="friendlinkid" />
    <result column="EnterpriseInfoID" jdbcType="INTEGER" property="enterpriseinfoid" />
    <result column="FriendLinkName" jdbcType="VARCHAR" property="friendlinkname" />
    <result column="FriendLinkURL" jdbcType="VARCHAR" property="friendlinkurl" />
    <result column="PicFile" jdbcType="LONGVARBINARY" property="picfile" />
  </resultMap>
  <delete id="deleteByPrimaryKey" parameterType="java.lang.Integer">
    <!--
      WARNING - @mbg.generated
      This element is automatically generated by MyBatis Generator, do not modify.
      This element was generated on Fri Jul 06 16:05:04 CST 2018.
    -->
    delete from friendlink
    where FriendLinkID = #{friendlinkid,jdbcType=INTEGER}
  </delete>
  <insert id="insert" parameterType="com.hwadee.entity.Friendlink">
    <!--
      WARNING - @mbg.generated
      This element is automatically generated by MyBatis Generator, do not modify.
      This element was generated on Fri Jul 06 16:05:04 CST 2018.
    -->
    insert into friendlink (FriendLinkID, EnterpriseInfoID, FriendLinkName, 
      FriendLinkURL, PicFile)
    values (#{friendlinkid,jdbcType=INTEGER}, #{enterpriseinfoid,jdbcType=INTEGER}, #{friendlinkname,jdbcType=VARCHAR}, 
      #{friendlinkurl,jdbcType=VARCHAR}, #{picfile,jdbcType=LONGVARBINARY})
  </insert>
  <update id="updateByPrimaryKey" parameterType="com.hwadee.entity.Friendlink">
    <!--
      WARNING - @mbg.generated
      This element is automatically generated by MyBatis Generator, do not modify.
      This element was generated on Fri Jul 06 16:05:04 CST 2018.
    -->
    update friendlink
    set EnterpriseInfoID = #{enterpriseinfoid,jdbcType=INTEGER},
      FriendLinkName = #{friendlinkname,jdbcType=VARCHAR},
      FriendLinkURL = #{friendlinkurl,jdbcType=VARCHAR},
      PicFile = #{picfile,jdbcType=LONGVARBINARY}
    where FriendLinkID = #{friendlinkid,jdbcType=INTEGER}
  </update>
  <select id="selectByPrimaryKey" parameterType="java.lang.Integer" resultMap="BaseResultMap">
    <!--
      WARNING - @mbg.generated
      This element is automatically generated by MyBatis Generator, do not modify.
      This element was generated on Fri Jul 06 16:05:04 CST 2018.
    -->
    select FriendLinkID, EnterpriseInfoID, FriendLinkName, FriendLinkURL, PicFile
    from friendlink
    where FriendLinkID = #{friendlinkid,jdbcType=INTEGER}
  </select>
  <select id="selectAll" resultMap="BaseResultMap">
    <!--
      WARNING - @mbg.generated
      This element is automatically generated by MyBatis Generator, do not modify.
      This element was generated on Fri Jul 06 16:05:04 CST 2018.
    -->
    select FriendLinkID, EnterpriseInfoID, FriendLinkName, FriendLinkURL, PicFile
    from friendlink
  </select>
</mapper>