<?xml version="1.0" encoding="UTF-8"?>
<!DOCTYPE mapper PUBLIC "-//mybatis.org//DTD Mapper 3.0//EN" "http://mybatis.org/dtd/mybatis-3-mapper.dtd">
<mapper namespace="com.hwadee.dao.FuncmoduleMapper">
  <resultMap id="BaseResultMap" type="com.hwadee.entity.Funcmodule">
    <!--
      WARNING - @mbg.generated
      This element is automatically generated by MyBatis Generator, do not modify.
      This element was generated on Fri Jul 06 16:05:04 CST 2018.
    -->
    <id column="FuncModuleID" jdbcType="INTEGER" property="funcmoduleid" />
    <result column="EnterpriseInfoID" jdbcType="INTEGER" property="enterpriseinfoid" />
    <result column="FuncName" jdbcType="VARCHAR" property="funcname" />
    <result column="FuncURL" jdbcType="VARCHAR" property="funcurl" />
    <result column="FuncStatus" jdbcType="VARCHAR" property="funcstatus" />
    <result column="FuncDesription" jdbcType="VARCHAR" property="funcdesription" />
  </resultMap>
  <delete id="deleteByPrimaryKey" parameterType="java.lang.Integer">
    <!--
      WARNING - @mbg.generated
      This element is automatically generated by MyBatis Generator, do not modify.
      This element was generated on Fri Jul 06 16:05:04 CST 2018.
    -->
    delete from funcmodule
    where FuncModuleID = #{funcmoduleid,jdbcType=INTEGER}
  </delete>
  <insert id="insert" parameterType="com.hwadee.entity.Funcmodule">
    <!--
      WARNING - @mbg.generated
      This element is automatically generated by MyBatis Generator, do not modify.
      This element was generated on Fri Jul 06 16:05:04 CST 2018.
    -->
    insert into funcmodule (FuncModuleID, EnterpriseInfoID, FuncName, 
      FuncURL, FuncStatus, FuncDesription
      )
    values (#{funcmoduleid,jdbcType=INTEGER}, #{enterpriseinfoid,jdbcType=INTEGER}, #{funcname,jdbcType=VARCHAR}, 
      #{funcurl,jdbcType=VARCHAR}, #{funcstatus,jdbcType=VARCHAR}, #{funcdesription,jdbcType=VARCHAR}
      )
  </insert>
  <update id="updateByPrimaryKey" parameterType="com.hwadee.entity.Funcmodule">
    <!--
      WARNING - @mbg.generated
      This element is automatically generated by MyBatis Generator, do not modify.
      This element was generated on Fri Jul 06 16:05:04 CST 2018.
    -->
    update funcmodule
    set EnterpriseInfoID = #{enterpriseinfoid,jdbcType=INTEGER},
      FuncName = #{funcname,jdbcType=VARCHAR},
      FuncURL = #{funcurl,jdbcType=VARCHAR},
      FuncStatus = #{funcstatus,jdbcType=VARCHAR},
      FuncDesription = #{funcdesription,jdbcType=VARCHAR}
    where FuncModuleID = #{funcmoduleid,jdbcType=INTEGER}
  </update>
  <select id="selectByPrimaryKey" parameterType="java.lang.Integer" resultMap="BaseResultMap">
    <!--
      WARNING - @mbg.generated
      This element is automatically generated by MyBatis Generator, do not modify.
      This element was generated on Fri Jul 06 16:05:04 CST 2018.
    -->
    select FuncModuleID, EnterpriseInfoID, FuncName, FuncURL, FuncStatus, FuncDesription
    from funcmodule
    where FuncModuleID = #{funcmoduleid,jdbcType=INTEGER}
  </select>
  <select id="selectAll" resultMap="BaseResultMap">
    <!--
      WARNING - @mbg.generated
      This element is automatically generated by MyBatis Generator, do not modify.
      This element was generated on Fri Jul 06 16:05:04 CST 2018.
    -->
    select FuncModuleID, EnterpriseInfoID, FuncName, FuncURL, FuncStatus, FuncDesription
    from funcmodule
  </select>
</mapper>