<?xml version="1.0" encoding="UTF-8"?>
<!DOCTYPE mapper PUBLIC "-//mybatis.org//DTD Mapper 3.0//EN" "http://mybatis.org/dtd/mybatis-3-mapper.dtd">
<mapper namespace="com.hwadee.dao.GuestacMapper">
  <resultMap id="BaseResultMap" type="com.hwadee.entity.Guestac">
    <!--
      WARNING - @mbg.generated
      This element is automatically generated by MyBatis Generator, do not modify.
      This element was generated on Fri Jul 06 16:05:04 CST 2018.
    -->
    <id column="GuestAcID" jdbcType="INTEGER" property="guestacid" />
    <result column="GuestInfoContent" jdbcType="VARCHAR" property="guestinfocontent" />
    <result column="HouseAcceptionStatus" jdbcType="VARCHAR" property="houseacceptionstatus" />
    <result column="AcceptPerson" jdbcType="VARCHAR" property="acceptperson" />
    <result column="AcceptTime" jdbcType="TIMESTAMP" property="accepttime" />
  </resultMap>
  <delete id="deleteByPrimaryKey" parameterType="java.lang.Integer">
    <!--
      WARNING - @mbg.generated
      This element is automatically generated by MyBatis Generator, do not modify.
      This element was generated on Fri Jul 06 16:05:04 CST 2018.
    -->
    delete from guestac
    where GuestAcID = #{guestacid,jdbcType=INTEGER}
  </delete>
  <insert id="insert" parameterType="com.hwadee.entity.Guestac">
    <!--
      WARNING - @mbg.generated
      This element is automatically generated by MyBatis Generator, do not modify.
      This element was generated on Fri Jul 06 16:05:04 CST 2018.
    -->
    insert into guestac (GuestAcID, GuestInfoContent, HouseAcceptionStatus, 
      AcceptPerson, AcceptTime)
    values (#{guestacid,jdbcType=INTEGER}, #{guestinfocontent,jdbcType=VARCHAR}, #{houseacceptionstatus,jdbcType=VARCHAR}, 
      #{acceptperson,jdbcType=VARCHAR}, #{accepttime,jdbcType=TIMESTAMP})
  </insert>
  <update id="updateByPrimaryKey" parameterType="com.hwadee.entity.Guestac">
    <!--
      WARNING - @mbg.generated
      This element is automatically generated by MyBatis Generator, do not modify.
      This element was generated on Fri Jul 06 16:05:04 CST 2018.
    -->
    update guestac
    set GuestInfoContent = #{guestinfocontent,jdbcType=VARCHAR},
      HouseAcceptionStatus = #{houseacceptionstatus,jdbcType=VARCHAR},
      AcceptPerson = #{acceptperson,jdbcType=VARCHAR},
      AcceptTime = #{accepttime,jdbcType=TIMESTAMP}
    where GuestAcID = #{guestacid,jdbcType=INTEGER}
  </update>
  <select id="selectByPrimaryKey" parameterType="java.lang.Integer" resultMap="BaseResultMap">
    <!--
      WARNING - @mbg.generated
      This element is automatically generated by MyBatis Generator, do not modify.
      This element was generated on Fri Jul 06 16:05:04 CST 2018.
    -->
    select GuestAcID, GuestInfoContent, HouseAcceptionStatus, AcceptPerson, AcceptTime
    from guestac
    where GuestAcID = #{guestacid,jdbcType=INTEGER}
  </select>
  <select id="selectAll" resultMap="BaseResultMap">
    <!--
      WARNING - @mbg.generated
      This element is automatically generated by MyBatis Generator, do not modify.
      This element was generated on Fri Jul 06 16:05:04 CST 2018.
    -->
    select GuestAcID, GuestInfoContent, HouseAcceptionStatus, AcceptPerson, AcceptTime
    from guestac
  </select>
</mapper>