<?xml version="1.0" encoding="UTF-8"?>
<!DOCTYPE mapper PUBLIC "-//mybatis.org//DTD Mapper 3.0//EN" "http://mybatis.org/dtd/mybatis-3-mapper.dtd">
<mapper namespace="com.hwadee.dao.HousesourceMapper">
  <resultMap id="BaseResultMap" type="com.hwadee.entity.Housesource">
    <!--
      WARNING - @mbg.generated
      This element is automatically generated by MyBatis Generator, do not modify.
      This element was generated on Fri Jul 06 16:05:04 CST 2018.
    -->
    <id column="HouseSourceID" jdbcType="INTEGER" property="housesourceid" />
    <result column="EstateID" jdbcType="INTEGER" property="estateid" />
    <result column="HouseSourceName" jdbcType="VARCHAR" property="housesourcename" />
    <result column="HouseLoc" jdbcType="INTEGER" property="houseloc" />
    <result column="RoomFloor" jdbcType="INTEGER" property="roomfloor" />
    <result column="RoomNum" jdbcType="INTEGER" property="roomnum" />
    <result column="TotalFloor" jdbcType="INTEGER" property="totalfloor" />
    <result column="BedroomNum" jdbcType="INTEGER" property="bedroomnum" />
    <result column="LivingroomNum" jdbcType="INTEGER" property="livingroomnum" />
    <result column="BathroomNum" jdbcType="INTEGER" property="bathroomnum" />
    <result column="BalconyNum" jdbcType="INTEGER" property="balconynum" />
    <result column="UsePurpose" jdbcType="VARCHAR" property="usepurpose" />
    <result column="HouseArea" jdbcType="REAL" property="housearea" />
    <result column="RealArea" jdbcType="REAL" property="realarea" />
    <result column="HouseFace" jdbcType="VARCHAR" property="houseface" />
    <result column="HouseAge" jdbcType="VARCHAR" property="houseage" />
    <result column="HouseType" jdbcType="VARCHAR" property="housetype" />
    <result column="TradeType" jdbcType="VARCHAR" property="tradetype" />
    <result column="HouseState" jdbcType="VARCHAR" property="housestate" />
    <result column="HousePrice" jdbcType="REAL" property="houseprice" />
    <result column="HouseHirePrice" jdbcType="REAL" property="househireprice" />
    <result column="HouseCostPrice" jdbcType="REAL" property="housecostprice" />
    <result column="Owername" jdbcType="VARCHAR" property="owername" />
    <result column="OwerNum" jdbcType="DECIMAL" property="owernum" />
    <result column="PropertyNUm" jdbcType="DECIMAL" property="propertynum" />
    <result column="Decoration" jdbcType="VARCHAR" property="decoration" />
    <result column="Facilities" jdbcType="VARCHAR" property="facilities" />
    <result column="Payment" jdbcType="VARCHAR" property="payment" />
    <result column="Furniture" jdbcType="VARCHAR" property="furniture" />
    <result column="ShowType" jdbcType="VARCHAR" property="showtype" />
    <result column="Remark" jdbcType="VARCHAR" property="remark" />
    <result column="IssueTime" jdbcType="TIMESTAMP" property="issuetime" />
    <result column="UrgentHouse" jdbcType="BIT" property="urgenthouse" />
    <result column="WhetherExmine" jdbcType="BIT" property="whetherexmine" />
    <result column="WhetherIssue" jdbcType="BIT" property="whetherissue" />
    <result column="HouseTypeImage" jdbcType="LONGVARBINARY" property="housetypeimage" />
  </resultMap>
  <delete id="deleteByPrimaryKey" parameterType="java.lang.Integer">
    <!--
      WARNING - @mbg.generated
      This element is automatically generated by MyBatis Generator, do not modify.
      This element was generated on Fri Jul 06 16:05:04 CST 2018.
    -->
    delete from housesource
    where HouseSourceID = #{housesourceid,jdbcType=INTEGER}
  </delete>
  <insert id="insert" parameterType="com.hwadee.entity.Housesource">
    <!--
      WARNING - @mbg.generated
      This element is automatically generated by MyBatis Generator, do not modify.
      This element was generated on Fri Jul 06 16:05:04 CST 2018.
    -->
    insert into housesource (HouseSourceID, EstateID, HouseSourceName, 
      HouseLoc, RoomFloor, RoomNum, 
      TotalFloor, BedroomNum, LivingroomNum, 
      BathroomNum, BalconyNum, UsePurpose, 
      HouseArea, RealArea, HouseFace, 
      HouseAge, HouseType, TradeType, 
      HouseState, HousePrice, HouseHirePrice, 
      HouseCostPrice, Owername, OwerNum, 
      PropertyNUm, Decoration, Facilities, 
      Payment, Furniture, ShowType, 
      Remark, IssueTime, UrgentHouse, 
      WhetherExmine, WhetherIssue, HouseTypeImage
      )
    values (#{housesourceid,jdbcType=INTEGER}, #{estateid,jdbcType=INTEGER}, #{housesourcename,jdbcType=VARCHAR}, 
      #{houseloc,jdbcType=INTEGER}, #{roomfloor,jdbcType=INTEGER}, #{roomnum,jdbcType=INTEGER}, 
      #{totalfloor,jdbcType=INTEGER}, #{bedroomnum,jdbcType=INTEGER}, #{livingroomnum,jdbcType=INTEGER}, 
      #{bathroomnum,jdbcType=INTEGER}, #{balconynum,jdbcType=INTEGER}, #{usepurpose,jdbcType=VARCHAR}, 
      #{housearea,jdbcType=REAL}, #{realarea,jdbcType=REAL}, #{houseface,jdbcType=VARCHAR}, 
      #{houseage,jdbcType=VARCHAR}, #{housetype,jdbcType=VARCHAR}, #{tradetype,jdbcType=VARCHAR}, 
      #{housestate,jdbcType=VARCHAR}, #{houseprice,jdbcType=REAL}, #{househireprice,jdbcType=REAL}, 
      #{housecostprice,jdbcType=REAL}, #{owername,jdbcType=VARCHAR}, #{owernum,jdbcType=DECIMAL}, 
      #{propertynum,jdbcType=DECIMAL}, #{decoration,jdbcType=VARCHAR}, #{facilities,jdbcType=VARCHAR}, 
      #{payment,jdbcType=VARCHAR}, #{furniture,jdbcType=VARCHAR}, #{showtype,jdbcType=VARCHAR}, 
      #{remark,jdbcType=VARCHAR}, #{issuetime,jdbcType=TIMESTAMP}, #{urgenthouse,jdbcType=BIT}, 
      #{whetherexmine,jdbcType=BIT}, #{whetherissue,jdbcType=BIT}, #{housetypeimage,jdbcType=LONGVARBINARY}
      )
  </insert>
  <update id="updateByPrimaryKey" parameterType="com.hwadee.entity.Housesource">
    <!--
      WARNING - @mbg.generated
      This element is automatically generated by MyBatis Generator, do not modify.
      This element was generated on Fri Jul 06 16:05:04 CST 2018.
    -->
    update housesource
    set EstateID = #{estateid,jdbcType=INTEGER},
      HouseSourceName = #{housesourcename,jdbcType=VARCHAR},
      HouseLoc = #{houseloc,jdbcType=INTEGER},
      RoomFloor = #{roomfloor,jdbcType=INTEGER},
      RoomNum = #{roomnum,jdbcType=INTEGER},
      TotalFloor = #{totalfloor,jdbcType=INTEGER},
      BedroomNum = #{bedroomnum,jdbcType=INTEGER},
      LivingroomNum = #{livingroomnum,jdbcType=INTEGER},
      BathroomNum = #{bathroomnum,jdbcType=INTEGER},
      BalconyNum = #{balconynum,jdbcType=INTEGER},
      UsePurpose = #{usepurpose,jdbcType=VARCHAR},
      HouseArea = #{housearea,jdbcType=REAL},
      RealArea = #{realarea,jdbcType=REAL},
      HouseFace = #{houseface,jdbcType=VARCHAR},
      HouseAge = #{houseage,jdbcType=VARCHAR},
      HouseType = #{housetype,jdbcType=VARCHAR},
      TradeType = #{tradetype,jdbcType=VARCHAR},
      HouseState = #{housestate,jdbcType=VARCHAR},
      HousePrice = #{houseprice,jdbcType=REAL},
      HouseHirePrice = #{househireprice,jdbcType=REAL},
      HouseCostPrice = #{housecostprice,jdbcType=REAL},
      Owername = #{owername,jdbcType=VARCHAR},
      OwerNum = #{owernum,jdbcType=DECIMAL},
      PropertyNUm = #{propertynum,jdbcType=DECIMAL},
      Decoration = #{decoration,jdbcType=VARCHAR},
      Facilities = #{facilities,jdbcType=VARCHAR},
      Payment = #{payment,jdbcType=VARCHAR},
      Furniture = #{furniture,jdbcType=VARCHAR},
      ShowType = #{showtype,jdbcType=VARCHAR},
      Remark = #{remark,jdbcType=VARCHAR},
      IssueTime = #{issuetime,jdbcType=TIMESTAMP},
      UrgentHouse = #{urgenthouse,jdbcType=BIT},
      WhetherExmine = #{whetherexmine,jdbcType=BIT},
      WhetherIssue = #{whetherissue,jdbcType=BIT},
      HouseTypeImage = #{housetypeimage,jdbcType=LONGVARBINARY}
    where HouseSourceID = #{housesourceid,jdbcType=INTEGER}
  </update>
  <select id="selectByPrimaryKey" parameterType="java.lang.Integer" resultMap="BaseResultMap">
    <!--
      WARNING - @mbg.generated
      This element is automatically generated by MyBatis Generator, do not modify.
      This element was generated on Fri Jul 06 16:05:04 CST 2018.
    -->
    select HouseSourceID, EstateID, HouseSourceName, HouseLoc, RoomFloor, RoomNum, TotalFloor, 
    BedroomNum, LivingroomNum, BathroomNum, BalconyNum, UsePurpose, HouseArea, RealArea, 
    HouseFace, HouseAge, HouseType, TradeType, HouseState, HousePrice, HouseHirePrice, 
    HouseCostPrice, Owername, OwerNum, PropertyNUm, Decoration, Facilities, Payment, 
    Furniture, ShowType, Remark, IssueTime, UrgentHouse, WhetherExmine, WhetherIssue, 
    HouseTypeImage
    from housesource
    where HouseSourceID = #{housesourceid,jdbcType=INTEGER}
  </select>
  <select id="selectAll" resultMap="BaseResultMap">
    <!--
      WARNING - @mbg.generated
      This element is automatically generated by MyBatis Generator, do not modify.
      This element was generated on Fri Jul 06 16:05:04 CST 2018.
    -->
    select HouseSourceID, EstateID, HouseSourceName, HouseLoc, RoomFloor, RoomNum, TotalFloor, 
    BedroomNum, LivingroomNum, BathroomNum, BalconyNum, UsePurpose, HouseArea, RealArea, 
    HouseFace, HouseAge, HouseType, TradeType, HouseState, HousePrice, HouseHirePrice, 
    HouseCostPrice, Owername, OwerNum, PropertyNUm, Decoration, Facilities, Payment, 
    Furniture, ShowType, Remark, IssueTime, UrgentHouse, WhetherExmine, WhetherIssue, 
    HouseTypeImage
    from housesource
  </select>
</mapper>