<?xml version="1.0" encoding="UTF-8"?>
<!DOCTYPE mapper PUBLIC "-//mybatis.org//DTD Mapper 3.0//EN" "http://mybatis.org/dtd/mybatis-3-mapper.dtd">
<mapper namespace="com.hwadee.dao.HousemessageMapper">
  <resultMap id="BaseResultMap" type="com.hwadee.entity.Housemessage">
    <!--
      WARNING - @mbg.generated
      This element is automatically generated by MyBatis Generator, do not modify.
      This element was generated on Fri Jul 06 16:05:04 CST 2018.
    -->
    <id column="MessageID" jdbcType="INTEGER" property="messageid" />
    <result column="HouseSourceID" jdbcType="INTEGER" property="housesourceid" />
    <result column="MessageContent" jdbcType="VARCHAR" property="messagecontent" />
  </resultMap>
  <delete id="deleteByPrimaryKey" parameterType="java.lang.Integer">
    <!--
      WARNING - @mbg.generated
      This element is automatically generated by MyBatis Generator, do not modify.
      This element was generated on Fri Jul 06 16:05:04 CST 2018.
    -->
    delete from housemessage
    where MessageID = #{messageid,jdbcType=INTEGER}
  </delete>
  <insert id="insert" parameterType="com.hwadee.entity.Housemessage">
    <!--
      WARNING - @mbg.generated
      This element is automatically generated by MyBatis Generator, do not modify.
      This element was generated on Fri Jul 06 16:05:04 CST 2018.
    -->
    insert into housemessage (MessageID, HouseSourceID, MessageContent
      )
    values (#{messageid,jdbcType=INTEGER}, #{housesourceid,jdbcType=INTEGER}, #{messagecontent,jdbcType=VARCHAR}
      )
  </insert>
  <update id="updateByPrimaryKey" parameterType="com.hwadee.entity.Housemessage">
    <!--
      WARNING - @mbg.generated
      This element is automatically generated by MyBatis Generator, do not modify.
      This element was generated on Fri Jul 06 16:05:04 CST 2018.
    -->
    update housemessage
    set HouseSourceID = #{housesourceid,jdbcType=INTEGER},
      MessageContent = #{messagecontent,jdbcType=VARCHAR}
    where MessageID = #{messageid,jdbcType=INTEGER}
  </update>
  <select id="selectByPrimaryKey" parameterType="java.lang.Integer" resultMap="BaseResultMap">
    <!--
      WARNING - @mbg.generated
      This element is automatically generated by MyBatis Generator, do not modify.
      This element was generated on Fri Jul 06 16:05:04 CST 2018.
    -->
    select MessageID, HouseSourceID, MessageContent
    from housemessage
    where MessageID = #{messageid,jdbcType=INTEGER}
  </select>
  <select id="selectAll" resultMap="BaseResultMap">
    <!--
      WARNING - @mbg.generated
      This element is automatically generated by MyBatis Generator, do not modify.
      This element was generated on Fri Jul 06 16:05:04 CST 2018.
    -->
    select MessageID, HouseSourceID, MessageContent
    from housemessage
  </select>
</mapper>