<?xml version="1.0" encoding="UTF-8"?>
<!DOCTYPE mapper PUBLIC "-//mybatis.org//DTD Mapper 3.0//EN" "http://mybatis.org/dtd/mybatis-3-mapper.dtd">
<mapper namespace="com.hwadee.dao.MainexperienceMapper">
  <resultMap id="BaseResultMap" type="com.hwadee.entity.Mainexperience">
    <!--
      WARNING - @mbg.generated
      This element is automatically generated by MyBatis Generator, do not modify.
      This element was generated on Fri Jul 06 16:05:04 CST 2018.
    -->
    <id column="MainExperienceID" jdbcType="INTEGER" property="mainexperienceid" />
    <result column="ResumeID" jdbcType="INTEGER" property="resumeid" />
    <result column="MainExperienceTime" jdbcType="TIMESTAMP" property="mainexperiencetime" />
    <result column="MainExperienceOc" jdbcType="VARCHAR" property="mainexperienceoc" />
    <result column="Prove" jdbcType="VARCHAR" property="prove" />
    <result column="ProvePhone" jdbcType="VARCHAR" property="provephone" />
    <result column="LeavingReason" jdbcType="VARCHAR" property="leavingreason" />
    <result column="UsedSalary" jdbcType="INTEGER" property="usedsalary" />
    <result column="MainExperienceType" jdbcType="VARCHAR" property="mainexperiencetype" />
  </resultMap>
  <delete id="deleteByPrimaryKey" parameterType="java.lang.Integer">
    <!--
      WARNING - @mbg.generated
      This element is automatically generated by MyBatis Generator, do not modify.
      This element was generated on Fri Jul 06 16:05:04 CST 2018.
    -->
    delete from mainexperience
    where MainExperienceID = #{mainexperienceid,jdbcType=INTEGER}
  </delete>
  <insert id="insert" parameterType="com.hwadee.entity.Mainexperience">
    <!--
      WARNING - @mbg.generated
      This element is automatically generated by MyBatis Generator, do not modify.
      This element was generated on Fri Jul 06 16:05:04 CST 2018.
    -->
    insert into mainexperience (MainExperienceID, ResumeID, MainExperienceTime, 
      MainExperienceOc, Prove, ProvePhone, 
      LeavingReason, UsedSalary, MainExperienceType
      )
    values (#{mainexperienceid,jdbcType=INTEGER}, #{resumeid,jdbcType=INTEGER}, #{mainexperiencetime,jdbcType=TIMESTAMP}, 
      #{mainexperienceoc,jdbcType=VARCHAR}, #{prove,jdbcType=VARCHAR}, #{provephone,jdbcType=VARCHAR}, 
      #{leavingreason,jdbcType=VARCHAR}, #{usedsalary,jdbcType=INTEGER}, #{mainexperiencetype,jdbcType=VARCHAR}
      )
  </insert>
  <update id="updateByPrimaryKey" parameterType="com.hwadee.entity.Mainexperience">
    <!--
      WARNING - @mbg.generated
      This element is automatically generated by MyBatis Generator, do not modify.
      This element was generated on Fri Jul 06 16:05:04 CST 2018.
    -->
    update mainexperience
    set ResumeID = #{resumeid,jdbcType=INTEGER},
      MainExperienceTime = #{mainexperiencetime,jdbcType=TIMESTAMP},
      MainExperienceOc = #{mainexperienceoc,jdbcType=VARCHAR},
      Prove = #{prove,jdbcType=VARCHAR},
      ProvePhone = #{provephone,jdbcType=VARCHAR},
      LeavingReason = #{leavingreason,jdbcType=VARCHAR},
      UsedSalary = #{usedsalary,jdbcType=INTEGER},
      MainExperienceType = #{mainexperiencetype,jdbcType=VARCHAR}
    where MainExperienceID = #{mainexperienceid,jdbcType=INTEGER}
  </update>
  <select id="selectByPrimaryKey" parameterType="java.lang.Integer" resultMap="BaseResultMap">
    <!--
      WARNING - @mbg.generated
      This element is automatically generated by MyBatis Generator, do not modify.
      This element was generated on Fri Jul 06 16:05:04 CST 2018.
    -->
    select MainExperienceID, ResumeID, MainExperienceTime, MainExperienceOc, Prove, ProvePhone, 
    LeavingReason, UsedSalary, MainExperienceType
    from mainexperience
    where MainExperienceID = #{mainexperienceid,jdbcType=INTEGER}
  </select>
  <select id="selectAll" resultMap="BaseResultMap">
    <!--
      WARNING - @mbg.generated
      This element is automatically generated by MyBatis Generator, do not modify.
      This element was generated on Fri Jul 06 16:05:04 CST 2018.
    -->
    select MainExperienceID, ResumeID, MainExperienceTime, MainExperienceOc, Prove, ProvePhone, 
    LeavingReason, UsedSalary, MainExperienceType
    from mainexperience
  </select>
</mapper>