<?xml version="1.0" encoding="UTF-8"?>
<!DOCTYPE mapper PUBLIC "-//mybatis.org//DTD Mapper 3.0//EN" "http://mybatis.org/dtd/mybatis-3-mapper.dtd">
<mapper namespace="com.hwadee.dao.OperatorMapper">
  <resultMap id="BaseResultMap" type="com.hwadee.entity.Operator">
    <!--
      WARNING - @mbg.generated
      This element is automatically generated by MyBatis Generator, do not modify.
      This element was generated on Fri Jul 06 16:05:04 CST 2018.
    -->
    <id column="EmployeeID" jdbcType="INTEGER" property="employeeid" />
    <result column="DepartmentID" jdbcType="INTEGER" property="departmentid" />
    <result column="EmployeeAccount" jdbcType="VARCHAR" property="employeeaccount" />
    <result column="EmployeePassword" jdbcType="VARCHAR" property="employeepassword" />
    <result column="EmployeeSex" jdbcType="VARCHAR" property="employeesex" />
    <result column="EmPhone" jdbcType="VARCHAR" property="emphone" />
    <result column="EmployeeStatus" jdbcType="VARCHAR" property="employeestatus" />
    <result column="Occupation" jdbcType="VARCHAR" property="occupation" />
    <result column="Salary" jdbcType="INTEGER" property="salary" />
    <result column="InTime" jdbcType="TIMESTAMP" property="intime" />
    <result column="OutTime" jdbcType="TIMESTAMP" property="outtime" />
    <result column="CurrentTitle" jdbcType="VARCHAR" property="currenttitle" />
    <result column="ScheduleOffTime" jdbcType="TIMESTAMP" property="scheduleofftime" />
    <result column="ScheduleOnTim" jdbcType="TIMESTAMP" property="scheduleontim" />
    <result column="PersonalInfo" jdbcType="VARCHAR" property="personalinfo" />
    <result column="CurrentPic" jdbcType="LONGVARBINARY" property="currentpic" />
  </resultMap>
  <delete id="deleteByPrimaryKey" parameterType="java.lang.Integer">
    <!--
      WARNING - @mbg.generated
      This element is automatically generated by MyBatis Generator, do not modify.
      This element was generated on Fri Jul 06 16:05:04 CST 2018.
    -->
    delete from operator
    where EmployeeID = #{employeeid,jdbcType=INTEGER}
  </delete>
  <insert id="insert" parameterType="com.hwadee.entity.Operator">
    <!--
      WARNING - @mbg.generated
      This element is automatically generated by MyBatis Generator, do not modify.
      This element was generated on Fri Jul 06 16:05:04 CST 2018.
    -->
    insert into operator (EmployeeID, DepartmentID, EmployeeAccount, 
      EmployeePassword, EmployeeSex, EmPhone, 
      EmployeeStatus, Occupation, Salary, 
      InTime, OutTime, CurrentTitle, 
      ScheduleOffTime, ScheduleOnTim, PersonalInfo, 
      CurrentPic)
    values (#{employeeid,jdbcType=INTEGER}, #{departmentid,jdbcType=INTEGER}, #{employeeaccount,jdbcType=VARCHAR}, 
      #{employeepassword,jdbcType=VARCHAR}, #{employeesex,jdbcType=VARCHAR}, #{emphone,jdbcType=VARCHAR}, 
      #{employeestatus,jdbcType=VARCHAR}, #{occupation,jdbcType=VARCHAR}, #{salary,jdbcType=INTEGER}, 
      #{intime,jdbcType=TIMESTAMP}, #{outtime,jdbcType=TIMESTAMP}, #{currenttitle,jdbcType=VARCHAR}, 
      #{scheduleofftime,jdbcType=TIMESTAMP}, #{scheduleontim,jdbcType=TIMESTAMP}, #{personalinfo,jdbcType=VARCHAR}, 
      #{currentpic,jdbcType=LONGVARBINARY})
  </insert>
  <update id="updateByPrimaryKey" parameterType="com.hwadee.entity.Operator">
    <!--
      WARNING - @mbg.generated
      This element is automatically generated by MyBatis Generator, do not modify.
      This element was generated on Fri Jul 06 16:05:04 CST 2018.
    -->
    update operator
    set DepartmentID = #{departmentid,jdbcType=INTEGER},
      EmployeeAccount = #{employeeaccount,jdbcType=VARCHAR},
      EmployeePassword = #{employeepassword,jdbcType=VARCHAR},
      EmployeeSex = #{employeesex,jdbcType=VARCHAR},
      EmPhone = #{emphone,jdbcType=VARCHAR},
      EmployeeStatus = #{employeestatus,jdbcType=VARCHAR},
      Occupation = #{occupation,jdbcType=VARCHAR},
      Salary = #{salary,jdbcType=INTEGER},
      InTime = #{intime,jdbcType=TIMESTAMP},
      OutTime = #{outtime,jdbcType=TIMESTAMP},
      CurrentTitle = #{currenttitle,jdbcType=VARCHAR},
      ScheduleOffTime = #{scheduleofftime,jdbcType=TIMESTAMP},
      ScheduleOnTim = #{scheduleontim,jdbcType=TIMESTAMP},
      PersonalInfo = #{personalinfo,jdbcType=VARCHAR},
      CurrentPic = #{currentpic,jdbcType=LONGVARBINARY}
    where EmployeeID = #{employeeid,jdbcType=INTEGER}
  </update>
  <select id="selectByPrimaryKey" parameterType="java.lang.Integer" resultMap="BaseResultMap">
    <!--
      WARNING - @mbg.generated
      This element is automatically generated by MyBatis Generator, do not modify.
      This element was generated on Fri Jul 06 16:05:04 CST 2018.
    -->
    select EmployeeID, DepartmentID, EmployeeAccount, EmployeePassword, EmployeeSex, 
    EmPhone, EmployeeStatus, Occupation, Salary, InTime, OutTime, CurrentTitle, ScheduleOffTime, 
    ScheduleOnTim, PersonalInfo, CurrentPic
    from operator
    where EmployeeID = #{employeeid,jdbcType=INTEGER}
  </select>
  <select id="selectAll" resultMap="BaseResultMap">
    <!--
      WARNING - @mbg.generated
      This element is automatically generated by MyBatis Generator, do not modify.
      This element was generated on Fri Jul 06 16:05:04 CST 2018.
    -->
    select EmployeeID, DepartmentID, EmployeeAccount, EmployeePassword, EmployeeSex, 
    EmPhone, EmployeeStatus, Occupation, Salary, InTime, OutTime, CurrentTitle, ScheduleOffTime, 
    ScheduleOnTim, PersonalInfo, CurrentPic
    from operator
  </select>
</mapper>