<?xml version="1.0" encoding="UTF-8"?>
<!DOCTYPE mapper PUBLIC "-//mybatis.org//DTD Mapper 3.0//EN" "http://mybatis.org/dtd/mybatis-3-mapper.dtd">
<mapper namespace="com.hwadee.dao.PermissionMapper">
  <resultMap id="BaseResultMap" type="com.hwadee.entity.Permission">
    <!--
      WARNING - @mbg.generated
      This element is automatically generated by MyBatis Generator, do not modify.
      This element was generated on Fri Jul 06 16:05:04 CST 2018.
    -->
    <id column="PermissionID" jdbcType="INTEGER" property="permissionid" />
    <result column="PermissionName" jdbcType="VARCHAR" property="permissionname" />
    <result column="PermissionDescription" jdbcType="VARCHAR" property="permissiondescription" />
  </resultMap>
  <delete id="deleteByPrimaryKey" parameterType="java.lang.Integer">
    <!--
      WARNING - @mbg.generated
      This element is automatically generated by MyBatis Generator, do not modify.
      This element was generated on Fri Jul 06 16:05:04 CST 2018.
    -->
    delete from permission
    where PermissionID = #{permissionid,jdbcType=INTEGER}
  </delete>
  <insert id="insert" parameterType="com.hwadee.entity.Permission">
    <!--
      WARNING - @mbg.generated
      This element is automatically generated by MyBatis Generator, do not modify.
      This element was generated on Fri Jul 06 16:05:04 CST 2018.
    -->
    insert into permission (PermissionID, PermissionName, PermissionDescription
      )
    values (#{permissionid,jdbcType=INTEGER}, #{permissionname,jdbcType=VARCHAR}, #{permissiondescription,jdbcType=VARCHAR}
      )
  </insert>
  <update id="updateByPrimaryKey" parameterType="com.hwadee.entity.Permission">
    <!--
      WARNING - @mbg.generated
      This element is automatically generated by MyBatis Generator, do not modify.
      This element was generated on Fri Jul 06 16:05:04 CST 2018.
    -->
    update permission
    set PermissionName = #{permissionname,jdbcType=VARCHAR},
      PermissionDescription = #{permissiondescription,jdbcType=VARCHAR}
    where PermissionID = #{permissionid,jdbcType=INTEGER}
  </update>
  <select id="selectByPrimaryKey" parameterType="java.lang.Integer" resultMap="BaseResultMap">
    <!--
      WARNING - @mbg.generated
      This element is automatically generated by MyBatis Generator, do not modify.
      This element was generated on Fri Jul 06 16:05:04 CST 2018.
    -->
    select PermissionID, PermissionName, PermissionDescription
    from permission
    where PermissionID = #{permissionid,jdbcType=INTEGER}
  </select>
  <select id="selectAll" resultMap="BaseResultMap">
    <!--
      WARNING - @mbg.generated
      This element is automatically generated by MyBatis Generator, do not modify.
      This element was generated on Fri Jul 06 16:05:04 CST 2018.
    -->
    select PermissionID, PermissionName, PermissionDescription
    from permission
  </select>
</mapper>