<?xml version="1.0" encoding="UTF-8"?>
<!DOCTYPE mapper PUBLIC "-//mybatis.org//DTD Mapper 3.0//EN" "http://mybatis.org/dtd/mybatis-3-mapper.dtd">
<mapper namespace="com.hwadee.dao.ReservationMapper">
  <resultMap id="BaseResultMap" type="com.hwadee.entity.Reservation">
    <!--
      WARNING - @mbg.generated
      This element is automatically generated by MyBatis Generator, do not modify.
      This element was generated on Fri Jul 06 16:05:04 CST 2018.
    -->
    <id column="ReservationID" jdbcType="INTEGER" property="reservationid" />
    <result column="HouseSourceID" jdbcType="INTEGER" property="housesourceid" />
    <result column="ReservationTime" jdbcType="TIMESTAMP" property="reservationtime" />
    <result column="ReservationStatus" jdbcType="VARCHAR" property="reservationstatus" />
  </resultMap>
  <delete id="deleteByPrimaryKey" parameterType="java.lang.Integer">
    <!--
      WARNING - @mbg.generated
      This element is automatically generated by MyBatis Generator, do not modify.
      This element was generated on Fri Jul 06 16:05:04 CST 2018.
    -->
    delete from reservation
    where ReservationID = #{reservationid,jdbcType=INTEGER}
  </delete>
  <insert id="insert" parameterType="com.hwadee.entity.Reservation">
    <!--
      WARNING - @mbg.generated
      This element is automatically generated by MyBatis Generator, do not modify.
      This element was generated on Fri Jul 06 16:05:04 CST 2018.
    -->
    insert into reservation (ReservationID, HouseSourceID, ReservationTime, 
      ReservationStatus)
    values (#{reservationid,jdbcType=INTEGER}, #{housesourceid,jdbcType=INTEGER}, #{reservationtime,jdbcType=TIMESTAMP}, 
      #{reservationstatus,jdbcType=VARCHAR})
  </insert>
  <update id="updateByPrimaryKey" parameterType="com.hwadee.entity.Reservation">
    <!--
      WARNING - @mbg.generated
      This element is automatically generated by MyBatis Generator, do not modify.
      This element was generated on Fri Jul 06 16:05:04 CST 2018.
    -->
    update reservation
    set HouseSourceID = #{housesourceid,jdbcType=INTEGER},
      ReservationTime = #{reservationtime,jdbcType=TIMESTAMP},
      ReservationStatus = #{reservationstatus,jdbcType=VARCHAR}
    where ReservationID = #{reservationid,jdbcType=INTEGER}
  </update>
  <select id="selectByPrimaryKey" parameterType="java.lang.Integer" resultMap="BaseResultMap">
    <!--
      WARNING - @mbg.generated
      This element is automatically generated by MyBatis Generator, do not modify.
      This element was generated on Fri Jul 06 16:05:04 CST 2018.
    -->
    select ReservationID, HouseSourceID, ReservationTime, ReservationStatus
    from reservation
    where ReservationID = #{reservationid,jdbcType=INTEGER}
  </select>
  <select id="selectAll" resultMap="BaseResultMap">
    <!--
      WARNING - @mbg.generated
      This element is automatically generated by MyBatis Generator, do not modify.
      This element was generated on Fri Jul 06 16:05:04 CST 2018.
    -->
    select ReservationID, HouseSourceID, ReservationTime, ReservationStatus
    from reservation
  </select>
</mapper>