<?xml version="1.0" encoding="UTF-8"?>
<!DOCTYPE mapper PUBLIC "-//mybatis.org//DTD Mapper 3.0//EN" "http://mybatis.org/dtd/mybatis-3-mapper.dtd">
<mapper namespace="com.hwadee.dao.ResumetypeidMapper">
  <resultMap id="BaseResultMap" type="com.hwadee.entity.Resumetypeid">
    <!--
      WARNING - @mbg.generated
      This element is automatically generated by MyBatis Generator, do not modify.
      This element was generated on Fri Jul 06 16:05:04 CST 2018.
    -->
    <id column="ResumeTypeID" jdbcType="INTEGER" property="resumetypeid" />
    <result column="ResumeTypeName" jdbcType="VARCHAR" property="resumetypename" />
    <result column="ResumeTypePublishYet" jdbcType="BIT" property="resumetypepublishyet" />
  </resultMap>
  <delete id="deleteByPrimaryKey" parameterType="java.lang.Integer">
    <!--
      WARNING - @mbg.generated
      This element is automatically generated by MyBatis Generator, do not modify.
      This element was generated on Fri Jul 06 16:05:04 CST 2018.
    -->
    delete from resumetypeid
    where ResumeTypeID = #{resumetypeid,jdbcType=INTEGER}
  </delete>
  <insert id="insert" parameterType="com.hwadee.entity.Resumetypeid">
    <!--
      WARNING - @mbg.generated
      This element is automatically generated by MyBatis Generator, do not modify.
      This element was generated on Fri Jul 06 16:05:04 CST 2018.
    -->
    insert into resumetypeid (ResumeTypeID, ResumeTypeName, ResumeTypePublishYet
      )
    values (#{resumetypeid,jdbcType=INTEGER}, #{resumetypename,jdbcType=VARCHAR}, #{resumetypepublishyet,jdbcType=BIT}
      )
  </insert>
  <update id="updateByPrimaryKey" parameterType="com.hwadee.entity.Resumetypeid">
    <!--
      WARNING - @mbg.generated
      This element is automatically generated by MyBatis Generator, do not modify.
      This element was generated on Fri Jul 06 16:05:04 CST 2018.
    -->
    update resumetypeid
    set ResumeTypeName = #{resumetypename,jdbcType=VARCHAR},
      ResumeTypePublishYet = #{resumetypepublishyet,jdbcType=BIT}
    where ResumeTypeID = #{resumetypeid,jdbcType=INTEGER}
  </update>
  <select id="selectByPrimaryKey" parameterType="java.lang.Integer" resultMap="BaseResultMap">
    <!--
      WARNING - @mbg.generated
      This element is automatically generated by MyBatis Generator, do not modify.
      This element was generated on Fri Jul 06 16:05:04 CST 2018.
    -->
    select ResumeTypeID, ResumeTypeName, ResumeTypePublishYet
    from resumetypeid
    where ResumeTypeID = #{resumetypeid,jdbcType=INTEGER}
  </select>
  <select id="selectAll" resultMap="BaseResultMap">
    <!--
      WARNING - @mbg.generated
      This element is automatically generated by MyBatis Generator, do not modify.
      This element was generated on Fri Jul 06 16:05:04 CST 2018.
    -->
    select ResumeTypeID, ResumeTypeName, ResumeTypePublishYet
    from resumetypeid
  </select>
</mapper>