<?xml version="1.0" encoding="UTF-8"?>
<!DOCTYPE mapper PUBLIC "-//mybatis.org//DTD Mapper 3.0//EN" "http://mybatis.org/dtd/mybatis-3-mapper.dtd">
<mapper namespace="com.hwadee.dao.ResumeMapper">
  <resultMap id="BaseResultMap" type="com.hwadee.entity.Resume">
    <!--
      WARNING - @mbg.generated
      This element is automatically generated by MyBatis Generator, do not modify.
      This element was generated on Fri Jul 06 16:05:04 CST 2018.
    -->
    <id column="ResumeID" jdbcType="INTEGER" property="resumeid" />
    <result column="UserID" jdbcType="INTEGER" property="userid" />
    <result column="ResumeTypeID" jdbcType="INTEGER" property="resumetypeid" />
    <result column="RealName" jdbcType="VARCHAR" property="realname" />
    <result column="AppSex" jdbcType="VARCHAR" property="appsex" />
    <result column="BirthDate" jdbcType="TIMESTAMP" property="birthdate" />
    <result column="IdealOccupation" jdbcType="VARCHAR" property="idealoccupation" />
    <result column="Nation" jdbcType="VARCHAR" property="nation" />
    <result column="NativePlace" jdbcType="VARCHAR" property="nativeplace" />
    <result column="QQnumber" jdbcType="VARCHAR" property="qqnumber" />
    <result column="Height" jdbcType="REAL" property="height" />
    <result column="Weight" jdbcType="REAL" property="weight" />
    <result column="PoliticsLook" jdbcType="VARCHAR" property="politicslook" />
    <result column="GraduateSchool" jdbcType="VARCHAR" property="graduateschool" />
    <result column="Major" jdbcType="VARCHAR" property="major" />
    <result column="Schooling" jdbcType="VARCHAR" property="schooling" />
    <result column="WorkYear" jdbcType="REAL" property="workyear" />
    <result column="Marriage" jdbcType="VARCHAR" property="marriage" />
    <result column="SocialInsurance" jdbcType="VARCHAR" property="socialinsurance" />
    <result column="MedicalHistory" jdbcType="VARCHAR" property="medicalhistory" />
    <result column="RegistionLocation" jdbcType="VARCHAR" property="registionlocation" />
    <result column="ReistionType" jdbcType="VARCHAR" property="reistiontype" />
    <result column="LocalAddress" jdbcType="VARCHAR" property="localaddress" />
    <result column="StatusID" jdbcType="VARCHAR" property="statusid" />
    <result column="LocalAddressType" jdbcType="VARCHAR" property="localaddresstype" />
    <result column="FixedPhone" jdbcType="VARCHAR" property="fixedphone" />
    <result column="MobilePhone" jdbcType="VARCHAR" property="mobilephone" />
    <result column="Email" jdbcType="VARCHAR" property="email" />
    <result column="FillTime" jdbcType="TIMESTAMP" property="filltime" />
    <result column="ResumeMark" jdbcType="VARCHAR" property="resumemark" />
    <result column="IdealSalary" jdbcType="LONGVARBINARY" property="idealsalary" />
    <result column="FormalPic" jdbcType="LONGVARBINARY" property="formalpic" />
  </resultMap>
  <delete id="deleteByPrimaryKey" parameterType="java.lang.Integer">
    <!--
      WARNING - @mbg.generated
      This element is automatically generated by MyBatis Generator, do not modify.
      This element was generated on Fri Jul 06 16:05:04 CST 2018.
    -->
    delete from resume
    where ResumeID = #{resumeid,jdbcType=INTEGER}
  </delete>
  <insert id="insert" parameterType="com.hwadee.entity.Resume">
    <!--
      WARNING - @mbg.generated
      This element is automatically generated by MyBatis Generator, do not modify.
      This element was generated on Fri Jul 06 16:05:04 CST 2018.
    -->
    insert into resume (ResumeID, UserID, ResumeTypeID, 
      RealName, AppSex, BirthDate, 
      IdealOccupation, Nation, NativePlace, 
      QQnumber, Height, Weight, 
      PoliticsLook, GraduateSchool, Major, 
      Schooling, WorkYear, Marriage, 
      SocialInsurance, MedicalHistory, RegistionLocation, 
      ReistionType, LocalAddress, StatusID, 
      LocalAddressType, FixedPhone, MobilePhone, 
      Email, FillTime, ResumeMark, 
      IdealSalary, FormalPic)
    values (#{resumeid,jdbcType=INTEGER}, #{userid,jdbcType=INTEGER}, #{resumetypeid,jdbcType=INTEGER}, 
      #{realname,jdbcType=VARCHAR}, #{appsex,jdbcType=VARCHAR}, #{birthdate,jdbcType=TIMESTAMP}, 
      #{idealoccupation,jdbcType=VARCHAR}, #{nation,jdbcType=VARCHAR}, #{nativeplace,jdbcType=VARCHAR}, 
      #{qqnumber,jdbcType=VARCHAR}, #{height,jdbcType=REAL}, #{weight,jdbcType=REAL}, 
      #{politicslook,jdbcType=VARCHAR}, #{graduateschool,jdbcType=VARCHAR}, #{major,jdbcType=VARCHAR}, 
      #{schooling,jdbcType=VARCHAR}, #{workyear,jdbcType=REAL}, #{marriage,jdbcType=VARCHAR}, 
      #{socialinsurance,jdbcType=VARCHAR}, #{medicalhistory,jdbcType=VARCHAR}, #{registionlocation,jdbcType=VARCHAR}, 
      #{reistiontype,jdbcType=VARCHAR}, #{localaddress,jdbcType=VARCHAR}, #{statusid,jdbcType=VARCHAR}, 
      #{localaddresstype,jdbcType=VARCHAR}, #{fixedphone,jdbcType=VARCHAR}, #{mobilephone,jdbcType=VARCHAR}, 
      #{email,jdbcType=VARCHAR}, #{filltime,jdbcType=TIMESTAMP}, #{resumemark,jdbcType=VARCHAR}, 
      #{idealsalary,jdbcType=LONGVARBINARY}, #{formalpic,jdbcType=LONGVARBINARY})
  </insert>
  <update id="updateByPrimaryKey" parameterType="com.hwadee.entity.Resume">
    <!--
      WARNING - @mbg.generated
      This element is automatically generated by MyBatis Generator, do not modify.
      This element was generated on Fri Jul 06 16:05:04 CST 2018.
    -->
    update resume
    set UserID = #{userid,jdbcType=INTEGER},
      ResumeTypeID = #{resumetypeid,jdbcType=INTEGER},
      RealName = #{realname,jdbcType=VARCHAR},
      AppSex = #{appsex,jdbcType=VARCHAR},
      BirthDate = #{birthdate,jdbcType=TIMESTAMP},
      IdealOccupation = #{idealoccupation,jdbcType=VARCHAR},
      Nation = #{nation,jdbcType=VARCHAR},
      NativePlace = #{nativeplace,jdbcType=VARCHAR},
      QQnumber = #{qqnumber,jdbcType=VARCHAR},
      Height = #{height,jdbcType=REAL},
      Weight = #{weight,jdbcType=REAL},
      PoliticsLook = #{politicslook,jdbcType=VARCHAR},
      GraduateSchool = #{graduateschool,jdbcType=VARCHAR},
      Major = #{major,jdbcType=VARCHAR},
      Schooling = #{schooling,jdbcType=VARCHAR},
      WorkYear = #{workyear,jdbcType=REAL},
      Marriage = #{marriage,jdbcType=VARCHAR},
      SocialInsurance = #{socialinsurance,jdbcType=VARCHAR},
      MedicalHistory = #{medicalhistory,jdbcType=VARCHAR},
      RegistionLocation = #{registionlocation,jdbcType=VARCHAR},
      ReistionType = #{reistiontype,jdbcType=VARCHAR},
      LocalAddress = #{localaddress,jdbcType=VARCHAR},
      StatusID = #{statusid,jdbcType=VARCHAR},
      LocalAddressType = #{localaddresstype,jdbcType=VARCHAR},
      FixedPhone = #{fixedphone,jdbcType=VARCHAR},
      MobilePhone = #{mobilephone,jdbcType=VARCHAR},
      Email = #{email,jdbcType=VARCHAR},
      FillTime = #{filltime,jdbcType=TIMESTAMP},
      ResumeMark = #{resumemark,jdbcType=VARCHAR},
      IdealSalary = #{idealsalary,jdbcType=LONGVARBINARY},
      FormalPic = #{formalpic,jdbcType=LONGVARBINARY}
    where ResumeID = #{resumeid,jdbcType=INTEGER}
  </update>
  <select id="selectByPrimaryKey" parameterType="java.lang.Integer" resultMap="BaseResultMap">
    <!--
      WARNING - @mbg.generated
      This element is automatically generated by MyBatis Generator, do not modify.
      This element was generated on Fri Jul 06 16:05:04 CST 2018.
    -->
    select ResumeID, UserID, ResumeTypeID, RealName, AppSex, BirthDate, IdealOccupation, 
    Nation, NativePlace, QQnumber, Height, Weight, PoliticsLook, GraduateSchool, Major, 
    Schooling, WorkYear, Marriage, SocialInsurance, MedicalHistory, RegistionLocation, 
    ReistionType, LocalAddress, StatusID, LocalAddressType, FixedPhone, MobilePhone, 
    Email, FillTime, ResumeMark, IdealSalary, FormalPic
    from resume
    where ResumeID = #{resumeid,jdbcType=INTEGER}
  </select>
  <select id="selectAll" resultMap="BaseResultMap">
    <!--
      WARNING - @mbg.generated
      This element is automatically generated by MyBatis Generator, do not modify.
      This element was generated on Fri Jul 06 16:05:04 CST 2018.
    -->
    select ResumeID, UserID, ResumeTypeID, RealName, AppSex, BirthDate, IdealOccupation, 
    Nation, NativePlace, QQnumber, Height, Weight, PoliticsLook, GraduateSchool, Major, 
    Schooling, WorkYear, Marriage, SocialInsurance, MedicalHistory, RegistionLocation, 
    ReistionType, LocalAddress, StatusID, LocalAddressType, FixedPhone, MobilePhone, 
    Email, FillTime, ResumeMark, IdealSalary, FormalPic
    from resume
  </select>
</mapper>