<?xml version="1.0" encoding="UTF-8"?>
<!DOCTYPE mapper PUBLIC "-//mybatis.org//DTD Mapper 3.0//EN" "http://mybatis.org/dtd/mybatis-3-mapper.dtd">
<mapper namespace="com.hwadee.dao.RolePermitMapper">
  <resultMap id="BaseResultMap" type="com.hwadee.entity.RolePermit">
    <!--
      WARNING - @mbg.generated
      This element is automatically generated by MyBatis Generator, do not modify.
      This element was generated on Fri Jul 06 16:05:04 CST 2018.
    -->
    <id column="role_permit" jdbcType="INTEGER" property="rolePermit" />
    <result column="RoleID" jdbcType="INTEGER" property="roleid" />
    <result column="PermissionID" jdbcType="INTEGER" property="permissionid" />
  </resultMap>
  <delete id="deleteByPrimaryKey" parameterType="java.lang.Integer">
    <!--
      WARNING - @mbg.generated
      This element is automatically generated by MyBatis Generator, do not modify.
      This element was generated on Fri Jul 06 16:05:04 CST 2018.
    -->
    delete from role_permit
    where role_permit = #{rolePermit,jdbcType=INTEGER}
  </delete>
  <insert id="insert" parameterType="com.hwadee.entity.RolePermit">
    <!--
      WARNING - @mbg.generated
      This element is automatically generated by MyBatis Generator, do not modify.
      This element was generated on Fri Jul 06 16:05:04 CST 2018.
    -->
    insert into role_permit (role_permit, RoleID, PermissionID
      )
    values (#{rolePermit,jdbcType=INTEGER}, #{roleid,jdbcType=INTEGER}, #{permissionid,jdbcType=INTEGER}
      )
  </insert>
  <update id="updateByPrimaryKey" parameterType="com.hwadee.entity.RolePermit">
    <!--
      WARNING - @mbg.generated
      This element is automatically generated by MyBatis Generator, do not modify.
      This element was generated on Fri Jul 06 16:05:04 CST 2018.
    -->
    update role_permit
    set RoleID = #{roleid,jdbcType=INTEGER},
      PermissionID = #{permissionid,jdbcType=INTEGER}
    where role_permit = #{rolePermit,jdbcType=INTEGER}
  </update>
  <select id="selectByPrimaryKey" parameterType="java.lang.Integer" resultMap="BaseResultMap">
    <!--
      WARNING - @mbg.generated
      This element is automatically generated by MyBatis Generator, do not modify.
      This element was generated on Fri Jul 06 16:05:04 CST 2018.
    -->
    select role_permit, RoleID, PermissionID
    from role_permit
    where role_permit = #{rolePermit,jdbcType=INTEGER}
  </select>
  <select id="selectAll" resultMap="BaseResultMap">
    <!--
      WARNING - @mbg.generated
      This element is automatically generated by MyBatis Generator, do not modify.
      This element was generated on Fri Jul 06 16:05:04 CST 2018.
    -->
    select role_permit, RoleID, PermissionID
    from role_permit
  </select>
</mapper>