<?xml version="1.0" encoding="UTF-8"?>
<!DOCTYPE mapper PUBLIC "-//mybatis.org//DTD Mapper 3.0//EN" "http://mybatis.org/dtd/mybatis-3-mapper.dtd">
<mapper namespace="com.hwadee.dao.RoleMapper">
  <resultMap id="BaseResultMap" type="com.hwadee.entity.Role">
    <!--
      WARNING - @mbg.generated
      This element is automatically generated by MyBatis Generator, do not modify.
      This element was generated on Fri Jul 06 16:05:04 CST 2018.
    -->
    <id column="RoleID" jdbcType="INTEGER" property="roleid" />
    <result column="RoleNmae" jdbcType="VARCHAR" property="rolenmae" />
    <result column="RoleAvailable" jdbcType="BIT" property="roleavailable" />
    <result column="RoleDescription" jdbcType="VARCHAR" property="roledescription" />
  </resultMap>
  <delete id="deleteByPrimaryKey" parameterType="java.lang.Integer">
    <!--
      WARNING - @mbg.generated
      This element is automatically generated by MyBatis Generator, do not modify.
      This element was generated on Fri Jul 06 16:05:04 CST 2018.
    -->
    delete from role
    where RoleID = #{roleid,jdbcType=INTEGER}
  </delete>
  <insert id="insert" parameterType="com.hwadee.entity.Role">
    <!--
      WARNING - @mbg.generated
      This element is automatically generated by MyBatis Generator, do not modify.
      This element was generated on Fri Jul 06 16:05:04 CST 2018.
    -->
    insert into role (RoleID, RoleNmae, RoleAvailable, 
      RoleDescription)
    values (#{roleid,jdbcType=INTEGER}, #{rolenmae,jdbcType=VARCHAR}, #{roleavailable,jdbcType=BIT}, 
      #{roledescription,jdbcType=VARCHAR})
  </insert>
  <update id="updateByPrimaryKey" parameterType="com.hwadee.entity.Role">
    <!--
      WARNING - @mbg.generated
      This element is automatically generated by MyBatis Generator, do not modify.
      This element was generated on Fri Jul 06 16:05:04 CST 2018.
    -->
    update role
    set RoleNmae = #{rolenmae,jdbcType=VARCHAR},
      RoleAvailable = #{roleavailable,jdbcType=BIT},
      RoleDescription = #{roledescription,jdbcType=VARCHAR}
    where RoleID = #{roleid,jdbcType=INTEGER}
  </update>
  <select id="selectByPrimaryKey" parameterType="java.lang.Integer" resultMap="BaseResultMap">
    <!--
      WARNING - @mbg.generated
      This element is automatically generated by MyBatis Generator, do not modify.
      This element was generated on Fri Jul 06 16:05:04 CST 2018.
    -->
    select RoleID, RoleNmae, RoleAvailable, RoleDescription
    from role
    where RoleID = #{roleid,jdbcType=INTEGER}
  </select>
  <select id="selectAll" resultMap="BaseResultMap">
    <!--
      WARNING - @mbg.generated
      This element is automatically generated by MyBatis Generator, do not modify.
      This element was generated on Fri Jul 06 16:05:04 CST 2018.
    -->
    select RoleID, RoleNmae, RoleAvailable, RoleDescription
    from role
  </select>
</mapper>