<?xml version="1.0" encoding="UTF-8"?>
<!DOCTYPE mapper PUBLIC "-//mybatis.org//DTD Mapper 3.0//EN" "http://mybatis.org/dtd/mybatis-3-mapper.dtd">
<mapper namespace="com.hwadee.dao.UserMapper">
  <resultMap id="BaseResultMap" type="com.hwadee.entity.User">
    <!--
      WARNING - @mbg.generated
      This element is automatically generated by MyBatis Generator, do not modify.
      This element was generated on Fri Jul 06 16:05:04 CST 2018.
    -->
    <id column="UserID" jdbcType="INTEGER" property="userid" />
    <result column="RoleID" jdbcType="INTEGER" property="roleid" />
    <result column="UserAccount" jdbcType="VARCHAR" property="useraccount" />
    <result column="UserName" jdbcType="VARCHAR" property="username" />
    <result column="UserPassword" jdbcType="VARCHAR" property="userpassword" />
    <result column="UserRegisterTime" jdbcType="VARCHAR" property="userregistertime" />
    <result column="Sex" jdbcType="VARCHAR" property="sex" />
    <result column="ContactPhone" jdbcType="VARCHAR" property="contactphone" />
    <result column="ContactMail" jdbcType="VARCHAR" property="contactmail" />
    <result column="UserHeader" jdbcType="LONGVARBINARY" property="userheader" />
  </resultMap>
  <delete id="deleteByPrimaryKey" parameterType="java.lang.Integer">
    <!--
      WARNING - @mbg.generated
      This element is automatically generated by MyBatis Generator, do not modify.
      This element was generated on Fri Jul 06 16:05:04 CST 2018.
    -->
    delete from user
    where UserID = #{userid,jdbcType=INTEGER}
  </delete>
  <insert id="insert" parameterType="com.hwadee.entity.User">
    <!--
      WARNING - @mbg.generated
      This element is automatically generated by MyBatis Generator, do not modify.
      This element was generated on Fri Jul 06 16:05:04 CST 2018.
    -->
    insert into user (UserID, RoleID, UserAccount, 
      UserName, UserPassword, UserRegisterTime, 
      Sex, ContactPhone, ContactMail, 
      UserHeader)
    values (#{userid,jdbcType=INTEGER}, #{roleid,jdbcType=INTEGER}, #{useraccount,jdbcType=VARCHAR}, 
      #{username,jdbcType=VARCHAR}, #{userpassword,jdbcType=VARCHAR}, #{userregistertime,jdbcType=VARCHAR}, 
      #{sex,jdbcType=VARCHAR}, #{contactphone,jdbcType=VARCHAR}, #{contactmail,jdbcType=VARCHAR}, 
      #{userheader,jdbcType=LONGVARBINARY})
  </insert>
  <update id="updateByPrimaryKey" parameterType="com.hwadee.entity.User">
    <!--
      WARNING - @mbg.generated
      This element is automatically generated by MyBatis Generator, do not modify.
      This element was generated on Fri Jul 06 16:05:04 CST 2018.
    -->
    update user
    set RoleID = #{roleid,jdbcType=INTEGER},
      UserAccount = #{useraccount,jdbcType=VARCHAR},
      UserName = #{username,jdbcType=VARCHAR},
      UserPassword = #{userpassword,jdbcType=VARCHAR},
      UserRegisterTime = #{userregistertime,jdbcType=VARCHAR},
      Sex = #{sex,jdbcType=VARCHAR},
      ContactPhone = #{contactphone,jdbcType=VARCHAR},
      ContactMail = #{contactmail,jdbcType=VARCHAR},
      UserHeader = #{userheader,jdbcType=LONGVARBINARY}
    where UserID = #{userid,jdbcType=INTEGER}
  </update>
  <select id="selectByPrimaryKey" parameterType="java.lang.Integer" resultMap="BaseResultMap">
    <!--
      WARNING - @mbg.generated
      This element is automatically generated by MyBatis Generator, do not modify.
      This element was generated on Fri Jul 06 16:05:04 CST 2018.
    -->
    select UserID, RoleID, UserAccount, UserName, UserPassword, UserRegisterTime, Sex, 
    ContactPhone, ContactMail, UserHeader
    from user
    where UserID = #{userid,jdbcType=INTEGER}
  </select>
  <select id="selectAll" resultMap="BaseResultMap">
    <!--
      WARNING - @mbg.generated
      This element is automatically generated by MyBatis Generator, do not modify.
      This element was generated on Fri Jul 06 16:05:04 CST 2018.
    -->
    select UserID, RoleID, UserAccount, UserName, UserPassword, UserRegisterTime, Sex, 
    ContactPhone, ContactMail, UserHeader
    from user
  </select>
</mapper>